"","sg_uf","YEAR","pop_100k","log.gdp.pc","fhs","fhs_sc","gdp_sc","cases","cure","sinan_death","abandon","dr_txf","other","sim_death","mort_treat","aban_treat","pct_idc","ndx_obs","ndx_adj10","ndx_adj50","ndx_adj90","k10","k50","k90"
"1","11",2009,15.03928,2.57380697096429,0.617050816262481,-0.850868092777121,-0.820887618993319,600,418,24,67,1,90,30,0.0669407163338559,0.101078657353256,0.092145678,6965.748848,7422.620488,7806.659936,8273.955233,0.841888632,0.892282859,0.93844874
"2","11",2010,15.60501,2.72920135546909,0.669015912197429,-0.669192244315518,-0.510735554027149,490,363,27,43,3,54,40,0.0690321087295311,0.101021434883961,0.112387543,6965.748848,7422.620488,7806.659936,8273.955233,0.841888632,0.892282859,0.93844874
"3","11",2011,15.76455,2.86172050175516,0.718066801779943,-0.497704790624387,-0.246240237808629,596,414,27,59,1,95,43,0.0709445401778383,0.100911453271015,0.097804391,6965.748848,7422.620488,7806.659936,8273.955233,0.841888632,0.892282859,0.93844874
"4","11",2012,15.90011,2.94120677261173,0.729554701193891,-0.457541795915723,-0.0875933785853101,596,421,14,75,1,85,49,0.0718029608225796,0.101077362571644,0.084319916,6965.748848,7422.620488,7806.659936,8273.955233,0.841888632,0.892282859,0.93844874
"5","11",2013,17.28214,2.89080756572493,0.689729396938111,-0.596775560632866,-0.188185289537645,605,415,27,74,2,87,53,0.0706984774668872,0.101393621732525,0.075466667,6965.748848,7422.620488,7806.659936,8273.955233,0.841888632,0.892282859,0.93844874
"6","11",2014,17.48531,2.9684953381409,0.814397914592306,-0.160920332930999,-0.0331280581311095,602,414,25,97,3,63,45,0.0735228399559329,0.100091793069419,0.075506205,6965.748848,7422.620488,7806.659936,8273.955233,0.841888632,0.892282859,0.93844874
"7","11",2015,17.68204,3.02908159281379,0.86415368362474,0.0130314589822273,0.0877962085677568,563,405,20,75,4,59,44,0.0749352938557864,0.0996920114997575,0.064041268,6965.748848,7422.620488,7806.659936,8273.955233,0.841888632,0.892282859,0.93844874
"8","11",2016,17.87279,3.09460222145299,0.859406953251283,-0.00356364687682495,0.218569005378196,644,483,22,102,4,33,51,0.0754200265895681,0.100009371666098,0.067114094,6965.748848,7422.620488,7806.659936,8273.955233,0.841888632,0.892282859,0.93844874
"9","11",2017,18.05788,3.18191319866388,0.855028386499412,-0.0188716111051172,0.392833216806865,650,451,17,84,4,94,46,0.0761061023747047,0.100408625665741,0.060591313,6965.748848,7422.620488,7806.659936,8273.955233,0.841888632,0.892282859,0.93844874
"10","11",2018,17.57589,3.24080608759534,0.878476139757361,0.0631043843397647,0.510377690322583,584,198,15,43,4,324,37,0.0770599217772922,0.100338796617125,0.073606859,6965.748848,7422.620488,7806.659936,8273.955233,0.841888632,0.892282859,0.93844874
"11","12",2009,6.91132,2.37196077994651,0.7986896859066,-0.215838075753549,-1.22375296801622,334,301,8,15,4,6,19,0.0683304265961028,0.0979723101467261,0.112724758,2993.77736,3186.41341,3395.044687,3642.206163,0.821968122,0.88180794,0.939544552
"12","12",2010,7.32793,2.43223768855112,0.75328230482551,-0.37458741193592,-1.10344612595706,326,276,18,24,4,4,18,0.0680585068952974,0.0987788614715608,0.140910602,2993.77736,3186.41341,3395.044687,3642.206163,0.821968122,0.88180794,0.939544552
"13","12",2011,7.46386,2.48410256464837,0.744922868328184,-0.403812946710527,-0.999928881932839,375,335,14,13,7,6,23,0.0683330100353495,0.0990864488503946,0.097244219,2993.77736,3186.41341,3395.044687,3642.206163,0.821968122,0.88180794,0.939544552
"14","12",2012,7.58786,2.59231883338992,0.890896774584666,0.106528327470883,-0.783939743586011,381,349,14,9,4,5,13,0.071691588081538,0.0976607448482585,0.108108108,2993.77736,3186.41341,3395.044687,3642.206163,0.821968122,0.88180794,0.939544552
"15","12",2013,7.76463,2.69308370549637,0.896372396366601,0.125671720072973,-0.582822867583961,373,340,17,5,8,3,36,0.0726323576403814,0.0979793960693463,0.082579867,2993.77736,3186.41341,3395.044687,3642.206163,0.821968122,0.88180794,0.939544552
"16","12",2014,7.90101,2.83521993347173,0.972027626847707,0.390170956356865,-0.299132792466076,426,387,18,13,4,4,29,0.0752004516664958,0.0975752260176455,0.05840046,2993.77736,3186.41341,3395.044687,3642.206163,0.821968122,0.88180794,0.939544552
"17","12",2015,8.03513,2.8305069945606,0.995627948769964,0.472680349095413,-0.308539359762612,327,287,24,10,4,2,24,0.0755879460874293,0.0972616312202884,0.073642309,2993.77736,3186.41341,3395.044687,3642.206163,0.821968122,0.88180794,0.939544552
"18","12",2016,8.16687,2.82384665208658,1.01385230816702,0.536394769256868,-0.321832755005176,415,373,15,16,3,8,29,0.0758618875262654,0.0970085552227796,0.075205953,2993.77736,3186.41341,3395.044687,3642.206163,0.821968122,0.88180794,0.939544552
"19","12",2017,8.29619,2.84502250023717,1.04626340524988,0.649707627746938,-0.279567823410359,465,436,11,9,5,4,17,0.076643593749908,0.0966855124976733,0.047494781,2993.77736,3186.41341,3395.044687,3642.206163,0.821968122,0.88180794,0.939544552
"20","12",2018,8.69265,2.8699921704356,0.9985447475741,0.482877807370032,-0.22973079230884,451,239,12,3,3,194,37,0.0759876787093504,0.0973762775194097,0.058866634,2993.77736,3186.41341,3395.044687,3642.206163,0.821968122,0.88180794,0.939544552
"21","13",2009,33.93369,2.70133437185065,0.617675236615882,-0.848685048649906,-0.566355340682768,2385,1817,180,254,11,123,206,0.0679558881147309,0.101576550535119,0.16664101,13411.82715,14896.49132,15842.65245,17063.9016,0.785976587,0.8465645,0.90033464
"22","13",2010,34.80937,2.86155597797314,0.636610200069694,-0.782486276393871,-0.246568611262352,2490,1914,197,260,18,101,214,0.0695569913015415,0.1019682192322,0.15593985,13411.82715,14896.49132,15842.65245,17063.9016,0.785976587,0.8465645,0.90033464
"23","13",2011,35.38387,2.99526107219766,0.635317730932202,-0.787004894572856,0.0202937415979827,2379,1858,164,244,11,102,197,0.0706268541258714,0.10251986958898,0.14149153,13411.82715,14896.49132,15842.65245,17063.9016,0.785976587,0.8465645,0.90033464
"24","13",2012,35.90985,3.00160478722647,0.630467685050202,-0.803961203126447,0.0329551792812847,2581,1934,189,335,8,115,199,0.0705960808799993,0.102608890897231,0.14555129,13411.82715,14896.49132,15842.65245,17063.9016,0.785976587,0.8465645,0.90033464
"25","13",2013,38.07921,3.08237425130771,0.582995287979976,-0.969930068594066,0.194163167271577,2831,2150,270,321,15,75,235,0.0704486040347893,0.103559378771429,0.137748695,13411.82715,14896.49132,15842.65245,17063.9016,0.785976587,0.8465645,0.90033464
"26","13",2014,38.73743,3.10787091131171,0.666022500718297,-0.679657549160653,0.245052018726406,2885,2147,230,360,32,116,230,0.0720918798980425,0.102568987709014,0.12488192,13411.82715,14896.49132,15842.65245,17063.9016,0.785976587,0.8465645,0.90033464
"27","13",2015,39.38336,3.09017407023949,0.669318209517928,-0.668135378717538,0.209730846604143,3108,2231,275,381,45,176,230,0.0720010600733366,0.102454860889547,0.126776612,13411.82715,14896.49132,15842.65245,17063.9016,0.785976587,0.8465645,0.90033464
"28","13",2016,40.01667,3.10237223432274,0.671720060664718,-0.659738235652167,0.234077194712358,2985,2231,257,317,24,156,278,0.0721451204375006,0.102472282032828,0.128460027,13411.82715,14896.49132,15842.65245,17063.9016,0.785976587,0.8465645,0.90033464
"29","13",2017,40.63614,3.132719769917,0.674276641432971,-0.650800140342686,0.29464792164814,3321,2418,311,408,58,126,306,0.072444796558254,0.102560443553391,0.127770384,13411.82715,14896.49132,15842.65245,17063.9016,0.785976587,0.8465645,0.90033464
"30","13",2018,40.80611,3.20001520837133,0.68029028005855,-0.629775780048782,0.428963066084857,3347,1282,228,298,41,1498,292,0.0731195058979887,0.102751658134719,0.126030491,13411.82715,14896.49132,15842.65245,17063.9016,0.785976587,0.8465645,0.90033464
"31","14",2009,4.21499,2.59947525562603,0.977463766224831,0.409176314009449,-0.769656221428031,140,113,8,14,1,4,9,0.0732681210566732,0.0966068784228375,0.053385417,1575.844085,1691.502057,1842.717567,2021.313071,0.779614058,0.855173964,0.931624102
"32","14",2010,4.51227,2.68876868340903,0.921930646880617,0.215026252452566,-0.591435231634479,138,113,12,6,0,7,7,0.0730455721476783,0.0976415995452157,0.05304878,1575.844085,1691.502057,1842.717567,2021.313071,0.779614058,0.855173964,0.931624102
"33","14",2011,4.60165,2.76455369172867,0.930101159366749,0.243591287531927,-0.440175732144078,157,126,12,10,0,9,13,0.073836521070385,0.0978301794209818,0.040650407,1575.844085,1691.502057,1842.717567,2021.313071,0.779614058,0.855173964,0.931624102
"34","14",2012,4.69524,2.79874443495574,0.920080762644721,0.208558848090746,-0.371934336881327,126,95,10,5,2,14,12,0.0739509928481929,0.0980879227881121,0.071228267,1575.844085,1691.502057,1842.717567,2021.313071,0.779614058,0.855173964,0.931624102
"35","14",2013,4.88072,2.91570787756023,0.885115310855775,0.0863156768561134,-0.138486690977399,158,112,24,13,0,9,11,0.074331516519907,0.0989829413089016,0.058038007,1575.844085,1691.502057,1842.717567,2021.313071,0.779614058,0.855173964,0.931624102
"36","14",2014,4.96936,2.97595826522784,0.885425889853019,0.0874014961319843,-0.0182327821268722,134,108,14,8,1,3,7,0.0748581757002888,0.0992133686476355,0.045547595,1575.844085,1691.502057,1842.717567,2021.313071,0.779614058,0.855173964,0.931624102
"37","14",2015,5.05665,3.00846595981374,0.917603551758575,0.19989823885946,0.0466494118805589,157,117,12,12,3,13,6,0.0757254411679219,0.098930756563704,0.044476327,1575.844085,1691.502057,1842.717567,2021.313071,0.779614058,0.855173964,0.931624102
"38","14",2016,5.14229,3.06418440962529,0.948993541787803,0.309641191684951,0.157858013921334,144,99,19,11,6,9,13,0.0767933165705832,0.0987488073368058,0.049605934,1575.844085,1691.502057,1842.717567,2021.313071,0.779614058,0.855173964,0.931624102
"39","14",2017,5.22636,3.14234281417215,0.941381764746401,0.283029558868409,0.313854581248545,199,139,15,23,4,18,13,0.0773487640209655,0.099149091678279,0.031694433,1575.844085,1691.502057,1842.717567,2021.313071,0.779614058,0.855173964,0.931624102
"40","14",2018,5.76568,3.14367446592691,0.881075605999639,0.0721924121133385,0.316512428524497,235,94,11,19,4,107,15,0.0762465638638221,0.0999240912045983,0.026551848,1575.844085,1691.502057,1842.717567,2021.313071,0.779614058,0.855173964,0.931624102
"41","15",2009,74.57119,2.11254887057124,0.467740960014182,-1.37287222515757,-1.74151388727951,3716,2718,211,399,22,366,291,0.0611484226514831,0.101184697259114,0.146368642,31247.896,36701.90683,38620.73296,40972.55394,0.762654338,0.8090964,0.851397072
"42","15",2010,75.88078,2.38845404632436,0.492878433774666,-1.28498877586434,-1.19083401382472,3746,2736,248,331,25,406,271,0.0635519212239545,0.101955034944414,0.137088608,31247.896,36701.90683,38620.73296,40972.55394,0.762654338,0.8090964,0.851397072
"43","15",2011,76.88593,2.55245588230698,0.516089224647475,-1.20384122769929,-0.863502313581179,3956,2943,253,338,30,392,341,0.0651531419315872,0.102307189759404,0.135455604,31247.896,36701.90683,38620.73296,40972.55394,0.762654338,0.8090964,0.851397072
"44","15",2012,78.22205,2.61661793397475,0.528751164153841,-1.15957365613802,-0.735441104158188,3681,2595,219,352,23,492,336,0.0658471127948896,0.102398366986393,0.126290637,31247.896,36701.90683,38620.73296,40972.55394,0.762654338,0.8090964,0.851397072
"45","15",2013,79.99729,2.71823942776519,0.536518174553163,-1.13241930995778,-0.53261449466074,3820,2900,219,406,34,261,357,0.0667605706271526,0.102704079090246,0.095959004,31247.896,36701.90683,38620.73296,40972.55394,0.762654338,0.8090964,0.851397072
"46","15",2014,81.0488,2.73252142300544,0.569039887080376,-1.01871972737254,-0.504109022408861,3647,2766,222,360,24,275,369,0.0674028402788671,0.10233517539414,0.089613493,31247.896,36701.90683,38620.73296,40972.55394,0.762654338,0.8090964,0.851397072
"47","15",2015,81.73495,2.7735332894202,0.62347869546626,-0.828395500604537,-0.422253329249861,3676,2438,203,351,42,642,380,0.0686276398486161,0.10178840739916,0.085133146,31247.896,36701.90683,38620.73296,40972.55394,0.762654338,0.8090964,0.851397072
"48","15",2016,82.71931,2.81516452140733,0.637336070622446,-0.779948550903869,-0.339161442699127,3812,2556,154,407,38,657,345,0.0691939548175832,0.101773817694883,0.082942138,31247.896,36701.90683,38620.73296,40972.55394,0.762654338,0.8090964,0.851397072
"49","15",2017,83.66628,2.92043386465885,0.65641737627154,-0.713238149793595,-0.129054080768776,4033,2563,195,389,30,856,414,0.070372785814106,0.10194482749518,0.074462231,31247.896,36701.90683,38620.73296,40972.55394,0.762654338,0.8090964,0.851397072
"50","15",2018,85.13497,2.94192066556472,0.706642640503661,-0.537644949600112,-0.0861685177433872,4088,1309,165,206,16,2392,383,0.0714120352591168,0.101377071881443,0.078073705,31247.896,36701.90683,38620.73296,40972.55394,0.762654338,0.8090964,0.851397072
"51","16",2009,6.26609,2.48108864747623,0.932000657507313,0.250232147711811,-1.00594436722566,229,154,5,30,0,40,10,0.0714772052894376,0.0967218304862614,0.163551402,2239.977934,2467.386224,2665.303962,2899.034936,0.772663311,0.840421192,0.907834336
"52","16",2010,6.68689,2.51116878951733,0.903259960908584,0.149751424141358,-0.945907331793191,200,149,6,33,1,11,15,0.0712307161318319,0.0971949807728225,0.146869245,2239.977934,2467.386224,2665.303962,2899.034936,0.772663311,0.840421192,0.907834336
"53","16",2011,6.84309,2.62103640627582,0.830034385051198,-0.106253464979479,-0.726622263551182,239,180,10,37,1,11,19,0.0708799330888445,0.0985383572182359,0.103807615,2239.977934,2467.386224,2665.303962,2899.034936,0.772663311,0.840421192,0.907834336
"54","16",2012,6.98602,2.76839632325313,0.887486723484903,0.0946064034235888,-0.432506213673286,214,168,10,28,0,8,17,0.0731134251197507,0.0983819960662402,0.113033449,2239.977934,2467.386224,2665.303962,2899.034936,0.772663311,0.840421192,0.907834336
"55","16",2013,7.34996,2.85447858170964,0.740140082395006,-0.420534106881347,-0.260694405271587,191,160,10,18,0,3,16,0.0712644768578123,0.10059803805458,0.100746269,2239.977934,2467.386224,2665.303962,2899.034936,0.772663311,0.840421192,0.907834336
"56","16",2014,7.50912,2.88174286119366,0.894911787266684,0.120565265582243,-0.206277557399441,175,133,13,14,3,12,23,0.0742144373689624,0.098726816264167,0.084502104,2239.977934,2467.386224,2665.303962,2899.034936,0.772663311,0.840421192,0.907834336
"57","16",2015,7.66679,2.89478735835968,0.876507638790159,0.0562222824792843,-0.180242010842346,189,130,4,17,2,36,16,0.0739975490795392,0.099010979563394,0.1065852,2239.977934,2467.386224,2665.303962,2899.034936,0.772663311,0.840421192,0.907834336
"58","16",2016,7.82295,2.9087251497753,0.884576790085582,0.0844329473801277,-0.152423535918697,241,161,12,25,1,42,18,0.0742616982284219,0.0989626483172136,0.082470785,2239.977934,2467.386224,2665.303962,2899.034936,0.772663311,0.840421192,0.907834336
"59","16",2017,7.97722,2.96553661694827,0.6819418293591,-0.624001777036661,-0.0390333776217485,264,217,15,12,2,18,20,0.0711818005789202,0.101792042474874,0.083597213,2239.977934,2467.386224,2665.303962,2899.034936,0.772663311,0.840421192,0.907834336
"60","16",2018,8.29494,3.00803293090883,0.848710177529916,-0.0409607837437639,0.0457851283385458,236,78,12,15,0,131,18,0.0744748626604605,0.0998071627333688,0.070852018,2239.977934,2467.386224,2665.303962,2899.034936,0.772663311,0.840421192,0.907834336
"61","17",2009,12.92051,2.36042088219488,1.16713659135746,1.07229394741509,-1.24678548060392,207,154,23,9,0,21,25,0.0746011599533742,0.0933892380094008,0.047830375,6333.819826,6927.669554,7359.67395,7885.14818,0.803259455,0.860611471,0.914278572
"62","17",2010,13.83453,2.47299228048492,1.13917856262555,0.974549519163805,-1.02210392761828,188,142,12,5,0,29,20,0.0750732809389705,0.0941443834062046,0.029171168,6333.819826,6927.669554,7359.67395,7885.14818,0.803259455,0.860611471,0.914278572
"63","17",2011,14.00892,2.572285165887,1.16782735571336,1.0747089376732,-0.823924993791011,201,147,17,13,0,24,28,0.0764671361851089,0.0941653888827911,0.036642138,6333.819826,6927.669554,7359.67395,7885.14818,0.803259455,0.860611471,0.914278572
"64","17",2012,14.17694,2.68034963540815,1.12859333537421,0.937542368355242,-0.608238831911559,192,149,13,7,0,23,12,0.0767016637575979,0.0950473232652596,0.035230352,6333.819826,6927.669554,7359.67395,7885.14818,0.803259455,0.860611471,0.914278572
"65","17",2013,14.78164,2.77874441554413,1.13383900568543,0.955881824626711,-0.411852428771461,191,140,20,15,0,16,33,0.0776771048215355,0.0953522651316333,0.038858972,6333.819826,6927.669554,7359.67395,7885.14818,0.803259455,0.860611471,0.914278572
"66","17",2014,14.9688,2.86196886672077,1.25861792528459,1.39212303000576,-0.245744525513765,178,140,12,12,0,14,17,0.0808096778416721,0.094139109349991,0.038725972,6333.819826,6927.669554,7359.67395,7885.14818,0.803259455,0.860611471,0.914278572
"67","17",2015,15.15126,2.94939047018257,1.25930120663232,1.39451185882158,-0.0712595148569438,170,132,13,14,1,10,21,0.0816403247761353,0.094456121965506,0.03526074,6333.819826,6927.669554,7359.67395,7885.14818,0.803259455,0.860611471,0.914278572
"68","17",2016,15.32902,3.02551370123483,1.24469796503625,1.34345727574958,0.0806750442842648,179,132,17,10,3,17,14,0.0820711286969844,0.0949187313630857,0.027102804,6333.819826,6927.669554,7359.67395,7885.14818,0.803259455,0.860611471,0.914278572
"69","17",2017,15.50194,3.09096700540954,1.26951852477819,1.43023275781649,0.211313468017137,164,117,16,11,2,18,21,0.0831828998828779,0.0948600740292569,0.017386985,6333.819826,6927.669554,7359.67395,7885.14818,0.803259455,0.860611471,0.914278572
"70","17",2018,15.55229,3.13258018555572,1.29370015605419,1.51477447375506,0.294369324850549,212,90,11,5,3,103,17,0.0840652318636212,0.0947201479262771,0.026683772,6333.819826,6927.669554,7359.67395,7885.14818,0.803259455,0.860611471,0.914278572
"71","21",2009,63.67138,1.86228956824467,1.1075619846782,0.864014389367708,-2.24100709381287,2313,1671,139,275,1,227,254,0.069396323037657,0.0922759168167581,0.073171679,26680.06053,31823.78594,34195.57009,37246.34029,0.716313612,0.780219791,0.838368527
"72","21",2010,65.69683,1.95288434911269,1.12395072943398,0.921311293282854,-2.06018872993881,2235,1634,137,241,14,209,255,0.0704119014337755,0.0924111420190495,0.075811583,26680.06053,31823.78594,34195.57009,37246.34029,0.716313612,0.780219791,0.838368527
"73","21",2011,66.45761,2.06002086239266,1.09663889507913,0.825826033606428,-1.84635467838702,2328,1735,135,218,10,230,230,0.0708258027685723,0.0931314142361256,0.073282706,26680.06053,31823.78594,34195.57009,37246.34029,0.716313612,0.780219791,0.838368527
"74","21",2012,67.14314,2.19823821518773,1.06339977546478,0.709618314763481,-1.57048629665519,2040,1403,162,228,13,234,198,0.0713975719226848,0.0940438577163708,0.076739025,26680.06053,31823.78594,34195.57009,37246.34029,0.716313612,0.780219791,0.838368527
"75","21",2013,67.94301,2.29892577107527,1.08031716581294,0.768763423416908,-1.36952373629991,2126,1618,145,204,14,145,218,0.0725344327484618,0.0942125034865249,0.074193861,26680.06053,31823.78594,34195.57009,37246.34029,0.716313612,0.780219791,0.838368527
"76","21",2014,68.50884,2.41737400898591,1.14963266054425,1.01109822700527,-1.13311258349886,1933,1438,131,183,8,173,228,0.0747790995949574,0.0938112684083207,0.065293916,26680.06053,31823.78594,34195.57009,37246.34029,0.716313612,0.780219791,0.838368527
"77","21",2015,69.04241,2.43065689588734,1.18767580679759,1.14410136592716,-1.10660123423538,2043,1485,153,239,6,160,228,0.0755839925229744,0.0934006829834355,0.059644745,26680.06053,31823.78594,34195.57009,37246.34029,0.716313612,0.780219791,0.838368527
"78","21",2016,69.54036,2.50696998623761,1.17284408651321,1.09224799553827,-0.954287734416747,2217,1591,151,235,37,203,244,0.0759829726919301,0.0938621301446281,0.061608754,26680.06053,31823.78594,34195.57009,37246.34029,0.716313612,0.780219791,0.838368527
"79","21",2017,70.00229,2.54856591592429,1.18681831694363,1.14110348448458,-0.871266307821298,2220,1611,145,211,25,228,243,0.0766068324825184,0.0938470117490594,0.061204819,26680.06053,31823.78594,34195.57009,37246.34029,0.716313612,0.780219791,0.838368527
"80","21",2018,70.35055,2.63589188307579,1.22358673812785,1.26965004049591,-0.696972177930325,2380,1066,144,145,27,998,254,0.0780711072198429,0.093725345157528,0.060564808,26680.06053,31823.78594,34195.57009,37246.34029,0.716313612,0.780219791,0.838368527
"81","22",2009,31.45325,1.79569909153888,1.38872771494202,1.84700155960116,-2.37391520322237,884,640,67,46,1,130,102,0.0737076207029474,0.0887412380236504,0.037243948,15913.99809,17084.81105,18004.76983,19145.54688,0.831211466,0.883876786,0.931470535
"82","22",2010,31.19015,1.96568493103858,1.41070177604147,1.9238253607039,-2.03464001445766,813,629,56,36,5,87,91,0.075573936106434,0.0890877241739011,0.047073139,15913.99809,17084.81105,18004.76983,19145.54688,0.831211466,0.883876786,0.931470535
"83","22",2011,31.40328,2.11151170006833,1.42405506685926,1.97050997458611,-1.74358397864237,845,673,61,40,4,67,72,0.0771074840931745,0.0894496906990634,0.058409571,15913.99809,17084.81105,18004.76983,19145.54688,0.831211466,0.883876786,0.931470535
"84","22",2012,31.60748,2.20391462477626,1.37562374475915,1.80118859883673,-1.55915673567339,758,555,59,42,3,99,77,0.0770333500173936,0.0903434137711699,0.054100522,15913.99809,17084.81105,18004.76983,19145.54688,0.831211466,0.883876786,0.931470535
"85","22",2013,31.84166,2.28490353233611,1.42957370941088,1.98980377266121,-1.39751075986102,766,584,77,40,2,63,102,0.0787719170688509,0.0900025600421112,0.052821796,15913.99809,17084.81105,18004.76983,19145.54688,0.831211466,0.883876786,0.931470535
"86","22",2014,31.94718,2.46878447442604,1.59262883296742,2.55986291303553,-1.03050229891269,692,537,52,44,1,58,60,0.0836598102554163,0.0887645675015113,0.050902235,15913.99809,17084.81105,18004.76983,19145.54688,0.831211466,0.883876786,0.931470535
"87","22",2015,32.04028,2.50298350601139,1.62295710274692,2.6658939718728,-0.962244360893639,617,469,48,27,4,69,64,0.0845988106541613,0.0885359926954094,0.04399463,15913.99809,17084.81105,18004.76983,19145.54688,0.831211466,0.883876786,0.931470535
"88","22",2016,32.1218,2.5567403346772,1.6375172001569,2.71679771799412,-0.8549509637103,685,508,71,29,5,72,102,0.0854177403325852,0.0885576762727432,0.043675405,15913.99809,17084.81105,18004.76983,19145.54688,0.831211466,0.883876786,0.931470535
"89","22",2017,32.19257,2.64544962604085,1.63640243695983,2.7129003798671,-0.677895853348354,689,521,50,29,2,87,79,0.08626709227722,0.0888830154261705,0.050176322,15913.99809,17084.81105,18004.76983,19145.54688,0.831211466,0.883876786,0.931470535
"90","22",2018,32.64531,2.73644675255473,1.63453800867567,2.70638212786879,-0.496274446730556,761,266,49,20,2,424,81,0.0871313472356268,0.0892262087795565,0.050492919,15913.99809,17084.81105,18004.76983,19145.54688,0.831211466,0.883876786,0.931470535
"91","23",2009,85.47809,2.06199765949162,0.815179655979679,-0.158187276688667,-1.84240918380421,4117,3057,233,385,14,428,391,0.0661642464820147,0.0965801082572158,0.062881839,44899.6484,47818.33656,49862.49312,52486.69794,0.855448145,0.900469383,0.938962993
"92","23",2010,84.48055,2.23975961753022,0.881623048145401,0.0741063317266014,-1.48761361938406,3858,2873,228,383,24,350,339,0.0686523444315615,0.0964303722615844,0.059935685,44899.6484,47818.33656,49862.49312,52486.69794,0.855448145,0.900469383,0.938962993
"93","23",2011,85.30155,2.35281670259556,0.877826956251088,0.0608347654313913,-1.26196268287297,3917,2849,216,446,20,386,350,0.0694995647931324,0.0969077550540695,0.056905985,44899.6484,47818.33656,49862.49312,52486.69794,0.855448145,0.900469383,0.938962993
"94","23",2012,86.06005,2.42198010791663,0.871019712398494,0.0370358715709199,-1.12391925840315,3692,2668,247,392,27,358,348,0.0699465581714349,0.0972569022675772,0.060806372,44899.6484,47818.33656,49862.49312,52486.69794,0.855448145,0.900469383,0.938962993
"95","23",2013,87.78576,2.51936904030093,0.883970247566348,0.0823124061817099,-0.929540429463478,3578,2584,233,426,23,312,337,0.070966632316245,0.0974677384309057,0.069483714,44899.6484,47818.33656,49862.49312,52486.69794,0.855448145,0.900469383,0.938962993
"96","23",2014,88.42791,2.65711149292454,1.04220488757452,0.635518591261949,-0.654619902245858,3440,2358,217,491,27,347,287,0.0749207028474135,0.0960229364634232,0.070914341,44899.6484,47818.33656,49862.49312,52486.69794,0.855448145,0.900469383,0.938962993
"97","23",2015,89.04459,2.68581558105136,1.07406862112566,0.746917804982339,-0.597329336477492,3528,2427,212,415,33,441,326,0.0757495345260566,0.0957379687010818,0.064967968,44899.6484,47818.33656,49862.49312,52486.69794,0.855448145,0.900469383,0.938962993
"98","23",2016,89.63663,2.73713180797417,1.0790231627405,0.764239442427993,-0.494907142798474,3506,2450,213,444,14,385,308,0.0762918030029536,0.0958705361565303,0.071154838,44899.6484,47818.33656,49862.49312,52486.69794,0.855448145,0.900469383,0.938962993
"99","23",2017,90.2046,2.79697604042815,1.07976755065706,0.766841906714699,-0.375463880218136,3623,2529,234,420,33,407,324,0.0768356064954149,0.096087587285907,0.051431753,44899.6484,47818.33656,49862.49312,52486.69794,0.855448145,0.900469383,0.938962993
"100","23",2018,90.75649,2.84364441639782,1.09039034012884,0.803980379291193,-0.282318344607327,3832,1292,196,265,21,2058,333,0.0774488925359315,0.0961328099734669,0.039173739,44899.6484,47818.33656,49862.49312,52486.69794,0.855448145,0.900469383,0.938962993
"101","24",2009,31.37541,2.28864453839715,1.1014995501254,0.842819432997342,-1.39004407592273,1023,730,70,102,3,118,82,0.0728195846224847,0.0939172485848474,0.039716312,16447.55636,17888.45953,18836.21332,20036.42831,0.82088265,0.873188049,0.919450685
"102","24",2010,31.68133,2.43548842258425,1.09591358696115,0.823290274451954,-1.09695797726209,963,657,78,73,3,152,91,0.0739717616276456,0.0945312158728022,0.032131759,16447.55636,17888.45953,18836.21332,20036.42831,0.82088265,0.873188049,0.919450685
"103","24",2011,31.98657,2.55066852980946,1.10421342457162,0.852307444782276,-0.86706969518055,1086,764,80,85,3,154,102,0.0751164406423213,0.0948601221018588,0.037860915,16447.55636,17888.45953,18836.21332,20036.42831,0.82088265,0.873188049,0.919450685
"104","24",2012,32.28198,2.66645881545164,1.10649966327964,0.860300393695214,-0.63596355637515,1028,675,85,72,1,195,102,0.0761724267785868,0.0952661348098043,0.035987279,16447.55636,17888.45953,18836.21332,20036.42831,0.82088265,0.873188049,0.919450685
"105","24",2013,33.73959,2.7258532412806,1.12034556436519,0.90870722874814,-0.517418064032964,1099,779,74,95,4,147,102,0.0769535856430647,0.0953192441026803,0.038528619,16447.55636,17888.45953,18836.21332,20036.42831,0.82088265,0.873188049,0.919450685
"106","24",2014,34.0851,2.76312691718692,1.1970039694764,1.17671367691725,-0.443023435243363,1021,745,57,87,1,131,94,0.0787224031065883,0.0945208387658217,0.040027172,16447.55636,17888.45953,18836.21332,20036.42831,0.82088265,0.873188049,0.919450685
"107","24",2015,34.42175,2.81133921246019,1.2108623181564,1.2251640301672,-0.346796386991799,963,659,61,92,4,147,96,0.0794252047994441,0.0945317111324276,0.040688731,16447.55636,17888.45953,18836.21332,20036.42831,0.82088265,0.873188049,0.919450685
"108","24",2016,34.74998,2.84335920092083,1.21899350733439,1.25359158651701,-0.282887606935768,999,695,72,101,2,129,106,0.0798745857056968,0.0945520118782766,0.044840799,16447.55636,17888.45953,18836.21332,20036.42831,0.82088265,0.873188049,0.919450685
"109","24",2017,35.07003,2.90871299545895,1.21357181616326,1.2346367414255,-0.152447794750995,1156,730,80,126,7,213,109,0.0803739477325049,0.0948623626724418,0.034705031,16447.55636,17888.45953,18836.21332,20036.42831,0.82088265,0.873188049,0.919450685
"110","24",2018,34.7901,2.95749044713367,1.20494048594284,1.20446063546565,-0.0550927493359866,1369,483,104,59,1,722,137,0.0806598791384849,0.0951507934702134,0.033664954,16447.55636,17888.45953,18836.21332,20036.42831,0.82088265,0.873188049,0.919450685
"111","25",2009,37.69977,2.08177943766064,1.33157311039298,1.64718260250865,-1.80292668019009,1119,765,64,118,3,169,109,0.0751508006030482,0.0904216763507859,0.087643111,23306.9098,24544.29529,25587.31336,26943.71429,0.865022155,0.910877569,0.949585617
"112","25",2010,37.66834,2.18598169602231,1.35816975210482,1.74016746787436,-1.59494911582698,1114,755,70,130,3,156,116,0.0765516577759608,0.0904835821621398,0.089973085,23306.9098,24544.29529,25587.31336,26943.71429,0.865022155,0.910877569,0.949585617
"113","25",2011,37.91315,2.28115034889504,1.31985867700257,1.6062276194155,-1.40500174866448,1151,770,70,152,5,154,107,0.0766889929818956,0.0912769841209661,0.087473046,23306.9098,24544.29529,25587.31336,26943.71429,0.865022155,0.910877569,0.949585617
"114","25",2012,38.15171,2.41024426915641,1.31055724632002,1.57370876650557,-1.14734285017058,1220,826,85,178,5,126,117,0.0776682873534716,0.0918550642221029,0.073068976,23306.9098,24544.29529,25587.31336,26943.71429,0.865022155,0.910877569,0.949585617
"115","25",2013,39.14421,2.47214236616571,1.32331192786877,1.61830057472868,-1.0238002738665,1204,848,81,172,6,97,101,0.0784656059631453,0.0919285426674244,0.071704081,23306.9098,24544.29529,25587.31336,26943.71429,0.865022155,0.910877569,0.949585617
"116","25",2014,39.43885,2.59692640723109,1.37123673737951,1.78585112521981,-0.774743474712621,1109,754,71,124,6,154,110,0.0805232237510777,0.0918127176323251,0.064619651,23306.9098,24544.29529,25587.31336,26943.71429,0.865022155,0.910877569,0.949585617
"117","25",2015,39.72202,2.64856168875675,1.38361543546879,1.82912845277511,-0.671684479103928,1072,434,68,83,7,480,126,0.0812439183360621,0.0918533253913746,0.068806298,23306.9098,24544.29529,25587.31336,26943.71429,0.865022155,0.910877569,0.949585617
"118","25",2016,39.99415,2.69316376825819,1.3962041948635,1.87314017839524,-0.582663070104881,1041,703,43,83,9,203,106,0.0819083201898384,0.0918658832604072,0.073214222,23306.9098,24544.29529,25587.31336,26943.71429,0.865022155,0.910877569,0.949585617
"119","25",2017,40.25558,2.74068987518262,1.38912419098172,1.84838768464552,-0.487805587002205,1137,625,62,122,10,318,90,0.0822178907860182,0.0921230894074032,0.069508804,23306.9098,24544.29529,25587.31336,26943.71429,0.865022155,0.910877569,0.949585617
"120","25",2018,39.96496,2.77928556205857,1.44226342275834,2.03416844470992,-0.410772353005293,1255,363,70,82,5,735,108,0.0836385758145561,0.0916319569831803,0.065793424,23306.9098,24544.29529,25587.31336,26943.71429,0.865022155,0.910877569,0.949585617
"121","26",2009,88.10256,2.20311757651256,0.834027978301652,-0.0922914116216812,-1.56074756642094,4478,2927,403,534,24,590,604,0.0675738356105942,0.0968828223607694,0.054500896,54745.22859,56491.51939,58341.63629,60806.81615,0.900314012,0.938356071,0.969087558
"122","26",2010,87.96032,2.4023645631061,0.858114204222995,-0.00808324358566439,-1.16306997641532,4508,2963,363,642,27,513,533,0.0695688828474581,0.0973432680480901,0.056569544,54745.22859,56491.51939,58341.63629,60806.81615,0.900314012,0.938356071,0.969087558
"123","26",2011,88.64906,2.51984769772227,0.850996051170762,-0.0329691111468981,-0.928585075844281,4701,3094,383,580,37,607,542,0.0704061976133488,0.0978834726145889,0.054352575,54745.22859,56491.51939,58341.63629,60806.81615,0.900314012,0.938356071,0.969087558
"124","26",2012,89.31028,2.66241314503585,0.863506418298095,0.0107685462466245,-0.644038320708684,4940,3184,459,600,34,663,543,0.0718011517921008,0.0982753664396632,0.050917174,54745.22859,56491.51939,58341.63629,60806.81615,0.900314012,0.938356071,0.969087558
"125","26",2013,92.0855,2.7296925255586,0.867889081342882,0.0260908315779127,-0.509755226340299,4758,3139,439,571,21,588,531,0.0724416400898112,0.0984800267829184,0.04801663,54745.22859,56491.51939,58341.63629,60806.81615,0.900314012,0.938356071,0.969087558
"126","26",2014,92.77727,2.81672839613692,0.923070920280366,0.219012777131303,-0.336040100970625,4745,3125,498,496,34,592,595,0.074158914497476,0.0981195760599059,0.047783754,54745.22859,56491.51939,58341.63629,60806.81615,0.900314012,0.938356071,0.969087558
"127","26",2015,93.45173,2.82115443672908,0.926253585674658,0.230139735053236,-0.327206154791306,4789,3258,439,448,40,604,629,0.0742539793782556,0.0980965333572063,0.044663981,54745.22859,56491.51939,58341.63629,60806.81615,0.900314012,0.938356071,0.969087558
"128","26",2016,94.10336,2.8782490633486,0.957245309838033,0.33849030539987,-0.21325083780254,4585,3173,391,386,44,591,631,0.0753075749598156,0.0979262586714155,0.042523309,54745.22859,56491.51939,58341.63629,60806.81615,0.900314012,0.938356071,0.969087558
"129","26",2017,94.73266,2.95306088573266,0.966087091822398,0.369402174511645,-0.0639337227070375,4934,3388,389,486,25,646,655,0.0761247315122801,0.0981031172733541,0.034040768,54745.22859,56491.51939,58341.63629,60806.81615,0.900314012,0.938356071,0.969087558
"130","26",2018,94.96294,2.9767356082878,0.993229569345684,0.464295343564309,-0.0166812810478496,4884,1775,358,289,20,2442,609,0.0768337233087083,0.0978526491958362,0.032171711,54745.22859,56491.51939,58341.63629,60806.81615,0.900314012,0.938356071,0.969087558
"131","27",2009,31.56108,2.03628501803745,0.939131360523784,0.275161891366414,-1.89372911320938,1241,888,97,137,2,117,144,0.0679834855753026,0.0949544376926163,0.085189962,17705.52732,18444.51238,19154.96242,20045.33069,0.883274394,0.924331091,0.959934692
"132","27",2010,31.20922,2.16262351820735,0.981761159042104,0.424200484988141,-1.64156976499808,1186,850,80,140,5,111,125,0.0697101652714651,0.094905770079215,0.094999154,17705.52732,18444.51238,19154.96242,20045.33069,0.883274394,0.924331091,0.959934692
"133","27",2011,31.43384,2.30966960120587,0.96329306250843,0.359633932250011,-1.34808009719242,1132,817,81,113,5,116,125,0.0705980188673759,0.095684914084894,0.082756771,17705.52732,18444.51238,19154.96242,20045.33069,0.883274394,0.924331091,0.959934692
"134","27",2012,31.65472,2.39300697854319,0.962889578552582,0.358223306738781,-1.18174680431055,1151,762,74,148,2,165,129,0.0712792092796697,0.0960045684698728,0.076023074,17705.52732,18444.51238,19154.96242,20045.33069,0.883274394,0.924331091,0.959934692
"135","27",2013,33.00935,2.42431906382487,0.951245631919441,0.317514753315427,-1.11925093009052,1140,807,83,125,7,118,162,0.0713380868845466,0.0962672190138156,0.065634257,17705.52732,18444.51238,19154.96242,20045.33069,0.883274394,0.924331091,0.959934692
"136","27",2014,33.2173,2.51247622224556,0.997070803466868,0.477724732186615,-0.943297823336648,1120,785,73,108,8,146,160,0.0728758823594128,0.0960338624501972,0.063676895,17705.52732,18444.51238,19154.96242,20045.33069,0.883274394,0.924331091,0.959934692
"137","27",2015,33.40932,2.63034273996813,0.990142870312835,0.453503894888058,-0.708047727404776,941,644,62,92,11,132,127,0.0737565115494361,0.0965666717777865,0.057703989,17705.52732,18444.51238,19154.96242,20045.33069,0.883274394,0.924331091,0.959934692
"138","27",2016,33.58963,2.68970876062097,1.01102631973023,0.526514794289822,-0.589558929029077,1036,669,63,102,18,184,146,0.0746411995490622,0.0965328719287476,0.052241321,17705.52732,18444.51238,19154.96242,20045.33069,0.883274394,0.924331091,0.959934692
"139","27",2017,33.75823,2.75069501991946,1.01664097910347,0.546144278025081,-0.46783629203505,1048,629,50,108,20,241,123,0.0752724236770005,0.0966950095284967,0.045421564,17705.52732,18444.51238,19154.96242,20045.33069,0.883274394,0.924331091,0.959934692
"140","27",2018,33.2282,2.79579013341336,1.05572977169994,0.682803114741061,-0.377830835180289,1107,362,55,48,11,631,121,0.0763820445838242,0.0963808407277126,0.039050023,17705.52732,18444.51238,19154.96242,20045.33069,0.883274394,0.924331091,0.959934692
"141","28",2009,20.19679,2.37470744182973,1.09918457339013,0.834726012693142,-1.21827089826473,596,454,56,62,0,24,65,0.0735098503234043,0.0942649902390239,0.067337245,10861.10063,11297.65867,11810.34933,12451.98618,0.87223841,0.919625688,0.961358538
"142","28",2010,20.68031,2.54695242489698,1.10830060090975,0.866596675191306,-0.874486678850276,537,436,35,53,4,9,54,0.0751580907846258,0.0947962592201759,0.056296838,10861.10063,11297.65867,11810.34933,12451.98618,0.87223841,0.919625688,0.961358538
"143","28",2011,20.89819,2.63394496995011,1.07569124407425,0.752590678198746,-0.700858027011438,588,481,51,46,2,8,61,0.0753252506021872,0.0955225156101455,0.068088093,10861.10063,11297.65867,11810.34933,12451.98618,0.87223841,0.919625688,0.961358538
"144","28",2012,21.10867,2.74494981077144,1.07822994058839,0.761466248134598,-0.479303170240448,540,412,50,63,5,10,62,0.0763462813394547,0.0959098627684299,0.071893216,10861.10063,11297.65867,11810.34933,12451.98618,0.87223841,0.919625688,0.961358538
"145","28",2013,21.95662,2.77841836740724,1.02019345418375,0.558564132404974,-0.412503189114298,644,473,58,87,6,20,58,0.0755791906774312,0.0967563458019922,0.061970208,10861.10063,11297.65867,11810.34933,12451.98618,0.87223841,0.919625688,0.961358538
"146","28",2014,22.19574,2.82629012363304,1.12634226207371,0.929672361681371,-0.316955823652507,683,491,56,87,5,44,77,0.0779644123959142,0.0956234111392543,0.064476587,10861.10063,11297.65867,11810.34933,12451.98618,0.87223841,0.919625688,0.961358538
"147","28",2015,22.42937,2.84433928236989,1.11817674771962,0.901124800636503,-0.28093145976719,665,484,53,82,9,37,64,0.0779740269775225,0.0957921248562369,0.071879878,10861.10063,11297.65867,11810.34933,12451.98618,0.87223841,0.919625688,0.961358538
"148","28",2016,22.65779,2.84249540175094,1.07159612654191,0.738273684477249,-0.284611665994343,697,492,46,86,5,68,65,0.0770894872824258,0.0963612802862612,0.065034034,10861.10063,11297.65867,11810.34933,12451.98618,0.87223841,0.919625688,0.961358538
"149","28",2017,22.88116,2.87859184734729,1.06637950173855,0.720035774583985,-0.21256667430867,729,483,38,83,5,120,61,0.0773148355840618,0.0965631150383763,0.071841453,10861.10063,11297.65867,11810.34933,12451.98618,0.87223841,0.919625688,0.961358538
"150","28",2018,22.78308,2.91466459007602,1.0674588334852,0.723809240355896,-0.140568991239483,841,344,42,51,3,401,64,0.0776579931320068,0.0966868952134235,0.076090295,10861.10063,11297.65867,11810.34933,12451.98618,0.87223841,0.919625688,0.961358538
"151","29",2009,146.37364,2.24325936349513,0.690561497275056,-0.593866443811281,-1.48062846711274,6110,4339,395,460,32,884,582,0.0655637405797587,0.0988410536155548,0.140124095,74409.06934,81200.15846,85188.77552,90266.91308,0.824322742,0.873460956,0.916366061
"152","29",2010,140.21432,2.39908619370013,0.772531650119617,-0.307289525234911,-1.16961328262438,5663,3887,371,440,25,940,544,0.0681132066593375,0.0984068453759976,0.136670291,74409.06934,81200.15846,85188.77552,90266.91308,0.824322742,0.873460956,0.916366061
"153","29",2011,140.97534,2.46961268985887,0.794181450457931,-0.231599376400946,-1.02884926152948,5617,3946,345,397,27,902,526,0.0690378727283106,0.0984059276378512,0.14119878,74409.06934,81200.15846,85188.77552,90266.91308,0.824322742,0.873460956,0.916366061
"154","29",2012,141.75341,2.55564365130689,0.809010520452383,-0.179755271725164,-0.857139836963332,5330,3534,313,438,23,1022,500,0.069984908111155,0.0985512281363746,0.135535605,74409.06934,81200.15846,85188.77552,90266.91308,0.824322742,0.873460956,0.916366061
"155","29",2013,150.44137,2.61126169937313,0.776648072268951,-0.29289804816456,-0.746131627032811,5124,3610,321,449,41,703,579,0.0698896789475787,0.0991777489756121,0.132345897,74409.06934,81200.15846,85188.77552,90266.91308,0.824322742,0.873460956,0.916366061
"156","29",2014,151.26371,2.69489370228086,0.857839596820678,-0.00904330210017594,-0.579210290192051,5038,3542,362,412,45,677,520,0.071974144413233,0.0984724782770908,0.138443142,74409.06934,81200.15846,85188.77552,90266.91308,0.824322742,0.873460956,0.916366061
"157","29",2015,152.03934,2.77988230286057,0.879509211234408,0.0667161189808208,-0.409581316452853,4668,3226,371,373,42,656,593,0.0730700963986882,0.0985272648323837,0.144620649,74409.06934,81200.15846,85188.77552,90266.91308,0.824322742,0.873460956,0.916366061
"158","29",2016,152.76566,2.8294996876608,0.911985062611584,0.180255365802328,-0.310549846280667,4568,3080,310,442,38,698,463,0.0740705020319942,0.0983086968562861,0.1446296,74409.06934,81200.15846,85188.77552,90266.91308,0.824322742,0.873460956,0.916366061
"159","29",2017,153.44447,2.86269610546694,0.923070085223664,0.219009857678697,-0.24429302776778,4635,3019,321,371,33,891,556,0.0745552848414076,0.0982969720758676,0.134972227,74409.06934,81200.15846,85188.77552,90266.91308,0.824322742,0.873460956,0.916366061
"160","29",2018,148.12617,2.96134969901308,1.007789508093,0.515198534983003,-0.0473900582545867,4719,1262,249,186,32,2990,470,0.0769661848234131,0.0976106814320085,0.12252868,74409.06934,81200.15846,85188.77552,90266.91308,0.824322742,0.873460956,0.916366061
"161","31",2009,200.33665,2.66361344573346,0.801051629844065,-0.207580452802272,-0.641642637356734,4447,3387,463,541,8,48,487,0.0707340507297196,0.0990710861940397,0.113612304,118473.7676,123191.0933,127290.342,132635.1499,0.893230548,0.930736502,0.96170725
"162","31",2010,195.95309,2.88584758473611,0.865105010592076,0.0163574055786014,-0.198084928773489,4033,3030,451,476,11,65,441,0.0737177130465338,0.099121154630355,0.102580234,118473.7676,123191.0933,127290.342,132635.1499,0.893230548,0.930736502,0.96170725
"163","31",2011,197.28701,3.00970173949047,0.884802298945075,0.0852213518398321,0.0491159078212093,4197,3169,441,522,9,56,421,0.0751401874118579,0.0993527920790172,0.094192559,118473.7676,123191.0933,127290.342,132635.1499,0.893230548,0.930736502,0.96170725
"164","31",2012,198.55332,3.10347697412089,0.915623067899343,0.192974243454142,0.236282147811145,3877,2861,395,525,18,78,442,0.0765263221194081,0.0993256408226795,0.090458449,118473.7676,123191.0933,127290.342,132635.1499,0.893230548,0.930736502,0.96170725
"165","31",2013,205.93356,3.16535695138311,0.900096128091021,0.13869030703612,0.359788558863886,3850,2832,389,539,23,67,378,0.0767887110068756,0.0997655383789032,0.088168455,118473.7676,123191.0933,127290.342,132635.1499,0.893230548,0.930736502,0.96170725
"166","31",2014,207.34097,3.2155551328233,0.966716804691325,0.371603721871296,0.459979242593131,3815,2760,404,512,23,116,382,0.0784819894339998,0.0991117480016389,0.082903299,118473.7676,123191.0933,127290.342,132635.1499,0.893230548,0.930736502,0.96170725
"167","31",2015,208.69101,3.2142722109804,0.995730482113245,0.473038817251799,0.457418655477751,3626,2524,411,346,27,318,392,0.0790187670445947,0.0987384339719417,0.085782409,118473.7676,123191.0933,127290.342,132635.1499,0.893230548,0.930736502,0.96170725
"168","31",2016,209.9756,3.25603174139322,1.00278318052193,0.497695847981524,0.540766613197254,3587,2586,377,300,23,301,420,0.0795347787795374,0.0988109945975616,0.086435453,118473.7676,123191.0933,127290.342,132635.1499,0.893230548,0.930736502,0.96170725
"169","31",2017,211.19536,3.30625466766112,1.00134775688254,0.492677444707249,0.641006685193892,3609,2606,377,329,27,270,371,0.079969122678249,0.0990242685081336,0.082016826,118473.7676,123191.0933,127290.342,132635.1499,0.893230548,0.930736502,0.96170725
"170","31",2018,210.40662,3.37496347714738,1.07049863735276,0.734436738234224,0.778142780629011,3784,1387,309,172,32,1884,364,0.0819501205234512,0.0984143889728691,0.075321305,118473.7676,123191.0933,127290.342,132635.1499,0.893230548,0.930736502,0.96170725
"171","32",2009,34.87199,2.98812399702722,0.63661408482854,-0.782472694837892,0.00604883429978351,1315,1055,100,100,4,56,112,0.0705903414457587,0.102474278185155,0.017307315,20806.96761,20605.43621,20966.99214,21369.97898,0.973654098,0.992367788,1.009780497
"172","32",2010,35.12672,3.18991797335209,0.659327144692132,-0.703065270534417,0.408809967878344,1357,1073,101,111,5,67,119,0.0726649004789031,0.102986583492738,0.015326574,20806.96761,20605.43621,20966.99214,21369.97898,0.973654098,0.992367788,1.009780497
"173","32",2011,35.47055,3.39709707589704,0.675489948703925,-0.646558280995958,0.822319289189564,1323,1076,92,103,4,48,94,0.0747241363272607,0.103609537927349,0.01368967,20806.96761,20605.43621,20966.99214,21369.97898,0.973654098,0.992367788,1.009780497
"174","32",2012,35.78067,3.48607335693462,0.665163620468817,-0.682660291583116,0.999907284951172,1319,1022,116,114,5,62,125,0.0753109537005073,0.104107245557876,0.011287935,20806.96761,20605.43621,20966.99214,21369.97898,0.973654098,0.992367788,1.009780497
"175","32",2013,38.39366,3.41920877023407,0.680320657108491,-0.629669578448987,0.866452078674759,1253,960,120,104,4,65,145,0.0750031757096779,0.103635125115687,0.010299755,20806.96761,20605.43621,20966.99214,21369.97898,0.973654098,0.992367788,1.009780497
"176","32",2014,38.85049,3.50099926994554,0.736155451321206,-0.43446482745666,1.02969795439264,1196,940,103,97,5,51,132,0.076741631880728,0.103228197098661,0.009169315,20806.96761,20605.43621,20966.99214,21369.97898,0.973654098,0.992367788,1.009780497
"177","32",2015,39.29911,3.42192015549381,0.750144214461854,-0.385558530512898,0.871863739719693,1240,995,85,88,7,65,111,0.0762990848278049,0.102725881100833,0.010299122,20806.96761,20605.43621,20966.99214,21369.97898,0.973654098,0.992367788,1.009780497
"178","32",2016,39.73697,3.31407392048595,0.738858549104272,-0.425014492104099,0.656613152685246,1115,867,80,95,7,66,113,0.0751476370540708,0.102441247991128,0.011457058,20806.96761,20605.43621,20966.99214,21369.97898,0.973654098,0.992367788,1.009780497
"179","32",2017,40.16356,3.34012179757984,0.619466999439293,-0.842420843314992,0.708602179794556,1172,922,85,96,7,62,114,0.073235181827465,0.104121108716643,0.008004313,20806.96761,20605.43621,20966.99214,21369.97898,0.973654098,0.992367788,1.009780497
"180","32",2018,39.72388,3.54075987587957,0.68170581524262,-0.62482690906209,1.10905625343314,1301,587,78,90,6,540,111,0.0760919280913536,0.104109753827918,0.00787234,20806.96761,20605.43621,20966.99214,21369.97898,0.973654098,0.992367788,1.009780497
"181","33",2009,160.10429,3.19713045469338,0.383999704192811,-1.66564111991017,0.423205378553318,12622,8462,810,1840,48,1462,1282,0.0680338961921827,0.106695750806679,0.075373315,123844.6494,125194.5732,127682.01,131168.3432,0.944165691,0.969945957,0.989217394
"182","33",2010,159.93583,3.33674462263324,0.403161693036513,-1.59864864123277,0.701861667344394,12310,8123,836,1588,74,1689,1391,0.0694734410241451,0.107015875256712,0.07872287,123844.6494,125194.5732,127682.01,131168.3432,0.944165691,0.969945957,0.989217394
"183","33",2011,161.12678,3.46021689256566,0.458769175428194,-1.40423859805746,0.948300299008205,12420,8531,844,1445,81,1519,1327,0.071435286471838,0.106773424256664,0.07245761,123844.6494,125194.5732,127682.01,131168.3432,0.944165691,0.969945957,0.989217394
"184","33",2012,162.31365,3.56722449232675,0.489176357010023,-1.29793165464067,1.16187705172511,12208,8215,736,1505,127,1625,1311,0.0728630958248656,0.10680509251795,0.065649726,123844.6494,125194.5732,127682.01,131168.3432,0.944165691,0.969945957,0.989217394
"185","33",2013,163.69179,3.64749985313429,0.49116696689553,-1.29097225750305,1.32209885767843,11686,8078,780,1517,100,1211,1281,0.0735807812282344,0.107112115882927,0.058724006,123844.6494,125194.5732,127682.01,131168.3432,0.944165691,0.969945957,0.989217394
"186","33",2014,164.61173,3.70787920011526,0.5411522010005,-1.1162182297622,1.44261015676515,11499,8077,881,1413,142,986,1397,0.0749966074236595,0.106683644612756,0.061803669,123844.6494,125194.5732,127682.01,131168.3432,0.944165691,0.969945957,0.989217394
"187","33",2015,165.50024,3.68454681311038,0.549606453742907,-1.08666120667869,1.39604098354044,11672,7836,769,1356,197,1514,1316,0.0749466457571097,0.106472192112696,0.061267086,123844.6494,125194.5732,127682.01,131168.3432,0.944165691,0.969945957,0.989217394
"188","33",2016,166.35996,3.65052608288057,0.581630339415807,-0.97470208304031,1.32813891767068,11771,8089,730,1451,159,1342,1191,0.0752301156153946,0.105898634505877,0.060642573,123844.6494,125194.5732,127682.01,131168.3432,0.944165691,0.969945957,0.989217394
"189","33",2017,167.18956,3.69276585847764,0.630900637575696,-0.802447552165212,1.4124453980296,12147,7909,759,1578,151,1750,1113,0.076501152267078,0.105409496010317,0.073118814,123844.6494,125194.5732,127682.01,131168.3432,0.944165691,0.969945957,0.989217394
"190","33",2018,171.5996,3.78923728809217,0.629838297991371,-0.80616161141718,1.60499298075299,12844,4020,615,980,113,7116,1167,0.077339672663042,0.105820851153439,0.081368243,123844.6494,125194.5732,127682.01,131168.3432,0.944165691,0.969945957,0.989217394
"191","35",2009,413.84039,3.30450248392806,0.322926430646366,-1.87916018670393,0.637509497024947,16798,12991,1448,1757,123,479,1593,0.0678780392173371,0.107977408946366,0.065141236,262468.9735,261892.6571,263480.1801,266459.5847,0.985023578,0.996162115,1.002200583
"192","35",2010,412.5216,3.44632771554346,0.338697416086818,-1.82402303917404,0.920578853681555,17156,13622,1361,1728,138,307,1443,0.0692754148633866,0.108356867969269,0.06443833,262468.9735,261892.6571,263480.1801,266459.5847,0.985023578,0.996162115,1.002200583
"193","35",2011,415.87182,3.54229310334619,0.348376574301187,-1.79018360812227,1.11211642620805,17978,14379,1451,1758,114,276,1459,0.0702191172965804,0.108627973166799,0.062925579,262468.9735,261892.6571,263480.1801,266459.5847,0.985023578,0.996162115,1.002200583
"194","35",2012,419.01219,3.61650639953271,0.357412036151025,-1.75859461231118,1.26023894127542,17322,14049,1249,1600,118,306,1403,0.0709836808554384,0.108816623772931,0.059131316,262468.9735,261892.6571,263480.1801,266459.5847,0.985023578,0.996162115,1.002200583
"195","35",2013,436.63669,3.67079098410908,0.346008485910792,-1.79846271277543,1.36858568788305,18028,14649,1191,1856,101,231,1499,0.0712366537487117,0.109204101546267,0.055953498,262468.9735,261892.6571,263480.1801,266459.5847,0.985023578,0.996162115,1.002200583
"196","35",2014,440.35304,3.7423697595023,0.403221923936304,-1.59843806719983,1.5114499558983,18264,14588,1219,1987,120,350,1347,0.0728325262514013,0.108715805448142,0.053727665,262468.9735,261892.6571,263480.1801,266459.5847,0.985023578,0.996162115,1.002200583
"197","35",2015,443.96484,3.77723240871711,0.430304345722513,-1.50375485979146,1.58103241010745,18736,15056,1297,1859,129,395,1423,0.0736077530428525,0.108489467046977,0.05066662,262468.9735,261892.6571,263480.1801,266459.5847,0.985023578,0.996162115,1.002200583
"198","35",2016,447.49699,3.81901106123846,0.453723722253417,-1.42187807259145,1.66441853369419,18659,15158,1239,1806,104,352,1409,0.0743845138364284,0.108343026128159,0.053813112,262468.9735,261892.6571,263480.1801,266459.5847,0.985023578,0.996162115,1.002200583
"199","35",2017,450.94866,3.85033410977194,0.451758743445429,-1.42874786058525,1.72693628949761,20440,16223,1313,2213,149,542,1423,0.0746197993745663,0.108502011519102,0.049794234,262468.9735,261892.6571,263480.1801,266459.5847,0.985023578,0.996162115,1.002200583
"200","35",2018,455.38936,3.88243434168353,0.470454557831566,-1.36338518049833,1.79100522767063,20379,9422,1136,1582,93,8146,1399,0.0752361996239416,0.108379809813532,0.051171085,262468.9735,261892.6571,263480.1801,266459.5847,0.985023578,0.996162115,1.002200583
"201","41",2009,106.86247,2.91259813415031,0.640449355138432,-0.769064156373892,-0.144693436112842,2560,1947,252,228,8,125,239,0.0700371215766949,0.10212190940164,0.054787562,66479.72618,66072.26167,66704.67031,67421.46129,0.986032117,0.99662776,1.006166953
"202","41",2010,104.39601,3.07140583195029,0.695428877023174,-0.576849534102673,0.172271269929452,2539,1941,284,207,8,99,209,0.0722990855911016,0.102038451343467,0.053338112,66479.72618,66072.26167,66704.67031,67421.46129,0.986032117,0.99662776,1.006166953
"203","41",2011,105.12349,3.19700106139102,0.697084923645514,-0.571059807945285,0.42294712211729,2512,2005,259,170,15,63,216,0.0733909439336255,0.102519266559916,0.051240561,66479.72618,66072.26167,66704.67031,67421.46129,0.986032117,0.99662776,1.006166953
"204","41",2012,105.77755,3.29590974865933,0.712438508927462,-0.517381938543925,0.620359233868433,2339,1804,246,188,19,82,179,0.0745135173733712,0.102714770150893,0.051284293,66479.72618,66072.26167,66704.67031,67421.46129,0.986032117,0.99662776,1.006166953
"205","41",2013,109.97465,3.41192155932096,0.71689248385878,-0.501810338797684,0.851907515048805,2444,1847,303,198,19,77,276,0.0756031224202109,0.103122906150729,0.041427141,66479.72618,66072.26167,66704.67031,67421.46129,0.986032117,0.99662776,1.006166953
"206","41",2014,110.81692,3.44715001867096,0.7756938200412,-0.29623422180196,0.922220090678854,2353,1828,234,146,21,124,211,0.0769939155250704,0.102492049347277,0.03782373,66479.72618,66072.26167,66704.67031,67421.46129,0.986032117,0.99662776,1.006166953
"207","41",2015,111.63018,3.51954022731064,0.811250147585536,-0.171925282145953,1.06670390046696,2254,1720,209,123,39,163,217,0.0783069647750147,0.102316514692508,0.034684284,66479.72618,66072.26167,66704.67031,67421.46129,0.986032117,0.99662776,1.006166953
"208","41",2016,112.4272,3.57626890252194,0.823288314571563,-0.129838489814297,1.17992881406761,2239,1614,230,127,62,206,223,0.079049515458967,0.10238609519461,0.040232807,66479.72618,66072.26167,66704.67031,67421.46129,0.986032117,0.99662776,1.006166953
"209","41",2017,113.20892,3.61687314866697,0.825376657599066,-0.122537406566507,1.26097093684705,2165,1557,193,111,66,238,200,0.0794604462975178,0.102521437674958,0.028967096,66479.72618,66072.26167,66704.67031,67421.46129,0.986032117,0.99662776,1.006166953
"210","41",2018,113.48937,3.65771746619865,0.851533496044607,-0.0310901431261452,1.34249221874508,2457,1006,194,102,82,1073,224,0.0803376538012023,0.102342563965145,0.025552486,66479.72618,66072.26167,66704.67031,67421.46129,0.986032117,0.99662776,1.006166953
"211","42",2009,61.18743,3.04921928996235,0.863576064560973,0.0110120374530354,0.127989091818928,1775,1366,164,148,14,83,174,0.0750999183378425,0.099778182024798,0.064331116,34713.4179,34471.9677,34946.70219,35509.11503,0.97759175,0.993324569,1.007004248
"212","42",2010,62.49682,3.202641273033,0.884525004632236,0.0842518995824608,0.434204435521386,1861,1447,164,138,11,101,165,0.0768322547366149,0.100111145982036,0.055897198,34713.4179,34471.9677,34946.70219,35509.11503,0.97759175,0.993324569,1.007004248
"213","42",2011,63.17054,3.31619491133161,0.896620481635902,0.12653905421294,0.660846443950261,1955,1500,154,161,20,120,160,0.0780739675889781,0.100402072952218,0.043021831,34713.4179,34471.9677,34946.70219,35509.11503,0.97759175,0.993324569,1.007004248
"214","42",2012,63.83286,3.4027422879171,0.921782292067127,0.214507587257606,0.833586582861564,2003,1522,163,178,31,109,151,0.0793355569357358,0.100419013615594,0.043742063,34713.4179,34471.9677,34946.70219,35509.11503,0.97759175,0.993324569,1.007004248
"215","42",2013,66.34254,3.4761206188933,0.914043990477302,0.187453610320026,0.980042588646867,2053,1579,174,189,27,84,148,0.0798613588154417,0.100808063296618,0.039162188,34713.4179,34471.9677,34946.70219,35509.11503,0.97759175,0.993324569,1.007004248
"216","42",2014,67.27148,3.585070505435,0.959098863292438,0.344970537764292,1.19749595671048,2008,1513,154,169,29,143,142,0.0817470454967643,0.100656832751743,0.033189189,34713.4179,34471.9677,34946.70219,35509.11503,0.97759175,0.993324569,1.007004248
"217","42",2015,68.1919,3.59803200427015,0.988387183815087,0.447365816464989,1.22336584667843,1926,1391,150,153,52,180,135,0.0824444658818726,0.100330827814366,0.028011794,34713.4179,34471.9677,34946.70219,35509.11503,0.97759175,0.993324569,1.007004248
"218","42",2016,69.10553,3.61507139349581,0.996736440629281,0.476555761916864,1.25737480891309,1920,1379,134,179,31,197,169,0.0827711093267604,0.100290518441594,0.032157934,34713.4179,34471.9677,34946.70219,35509.11503,0.97759175,0.993324569,1.007004248
"219","42",2017,70.01161,3.67863428455115,1.00154817179608,0.493378117895795,1.38424015207756,1910,1344,137,177,23,229,159,0.0834735762470787,0.100478746550554,0.032741301,34713.4179,34471.9677,34946.70219,35509.11503,0.97759175,0.993324569,1.007004248
"220","42",2018,70.75494,3.74121797898564,1.03455673907716,0.608779799724676,1.50915111410445,1877,754,119,131,15,858,153,0.0847400750175435,0.100300459172038,0.035596588,34713.4179,34471.9677,34946.70219,35509.11503,0.97759175,0.993324569,1.007004248
"221","43",2009,109.14128,2.92975140045089,0.436498454113787,-1.48209955680007,-0.110457186321743,5456,3788,496,714,51,407,714,0.0667879173996689,0.104886373296036,0.048861801,78083.50004,77658.6088,78327.37674,79101.69351,0.987128045,0.996886444,1.00547127
"222","43",2010,106.95532,3.11600419490548,0.460379156455238,-1.39860992242755,0.261285261063966,5380,3684,538,743,56,359,662,0.0686538764455906,0.105329810921795,0.048175931,78083.50004,77658.6088,78327.37674,79101.69351,0.987128045,0.996886444,1.00547127
"223","43",2011,107.3303,3.20661680637206,0.471441894786468,-1.35993333891559,0.442139213077094,5530,3697,543,873,63,354,617,0.0695696679261776,0.105553608784536,0.049470979,78083.50004,77658.6088,78327.37674,79101.69351,0.987128045,0.996886444,1.00547127
"224","43",2012,107.70603,3.28470499685549,0.498765018077447,-1.26440861184256,0.597995639968499,5420,3656,517,828,33,386,599,0.070671749079274,0.10550746400356,0.050984193,78083.50004,77658.6088,78327.37674,79101.69351,0.987128045,0.996886444,1.00547127
"225","43",2013,111.64043,3.3933181028827,0.503760152124101,-1.24694505866754,0.814776826908293,5331,3558,499,943,52,279,568,0.071657228336904,0.105887562680661,0.050231281,78083.50004,77658.6088,78327.37674,79101.69351,0.987128045,0.996886444,1.00547127
"226","43",2014,112.07274,3.46345706054708,0.589260153718023,-0.948027389921398,0.954767358892487,5259,3471,520,885,56,327,573,0.0737514255650124,0.105027152817888,0.049886814,78083.50004,77658.6088,78327.37674,79101.69351,0.987128045,0.996886444,1.00547127
"227","43",2015,112.47972,3.5252133647789,0.667142485774324,-0.675741954824549,1.07802693061522,5265,3318,550,796,81,520,629,0.0756892165839199,0.104240097454751,0.045805049,78083.50004,77658.6088,78327.37674,79101.69351,0.987128045,0.996886444,1.00547127
"228","43",2016,112.865,3.58959310822028,0.692863155096797,-0.585819587934086,1.20652263162762,4910,3238,455,636,81,500,541,0.0767288470505091,0.10416001502924,0.049678591,78083.50004,77658.6088,78327.37674,79101.69351,0.987128045,0.996886444,1.00547127
"229","43",2017,113.22895,3.62090215124071,0.699821026336462,-0.56149408370457,1.26901243379033,5175,3324,464,593,73,721,568,0.077136143197325,0.10419485059402,0.050150161,78083.50004,77658.6088,78327.37674,79101.69351,0.987128045,0.996886444,1.00547127
"230","43",2018,113.29605,3.69790720609883,0.747422350558559,-0.395074474342719,1.42270702740896,5190,1677,381,382,44,2706,632,0.0787205267662329,0.103875687995316,0.051614796,78083.50004,77658.6088,78327.37674,79101.69351,0.987128045,0.996886444,1.00547127
"231","50",2009,23.60498,2.81787719780937,0.698157761624877,-0.567309045117741,-0.333747204659828,963,687,119,90,5,62,103,0.0702438053197931,0.100995414819675,0.013299045,14065.5648,13830.27107,14112.15718,14408.35963,0.976208615,0.996698422,1.017012951
"232","50",2010,24.49341,2.96007062903017,0.716927532752687,-0.501687803903374,-0.0499429574323883,877,634,107,78,2,56,98,0.071741223993375,0.101315693469077,0.014166264,14065.5648,13830.27107,14112.15718,14408.35963,0.976208615,0.996698422,1.017012951
"233","50",2011,24.77542,3.10248435595776,0.728141036559622,-0.462484127248901,0.234300978581645,970,679,98,75,3,115,80,0.0731363495329057,0.101736052873191,0.017493527,14065.5648,13830.27107,14112.15718,14408.35963,0.976208615,0.996698422,1.017012951
"234","50",2012,25.05088,3.20902338582431,0.742488886617955,-0.412322421857064,0.446942511400893,989,637,91,91,0,170,102,0.0743030560881796,0.101973787294333,0.017083504,14065.5648,13830.27107,14112.15718,14408.35963,0.976208615,0.996698422,1.017012951
"235","50",2013,25.87269,3.28644425398554,0.7529174585248,-0.375862955837977,0.601467027896127,996,675,83,96,1,141,104,0.0751616431511228,0.102146827577498,0.016017693,14065.5648,13830.27107,14112.15718,14408.35963,0.976208615,0.996698422,1.017012951
"236","50",2014,26.19657,3.40577305747097,0.807739333813549,-0.184199483883501,0.839635703867862,894,588,58,100,3,145,82,0.0772191862967725,0.101907865089623,0.017128062,14065.5648,13830.27107,14112.15718,14408.35963,0.976208615,0.996698422,1.017012951
"237","50",2015,26.51235,3.44480924303463,0.823767036871496,-0.128164822548741,0.917548130366107,916,566,67,140,5,138,88,0.0778677301018554,0.101854633596079,0.017985379,14065.5648,13830.27107,14112.15718,14408.35963,0.976208615,0.996698422,1.017012951
"238","50",2016,26.82386,3.53391036806017,0.820165330418515,-0.14075679537169,1.09538530257504,998,645,72,125,2,154,100,0.0786050779515225,0.102257420845549,0.025673175,14065.5648,13830.27107,14112.15718,14408.35963,0.976208615,0.996698422,1.017012951
"239","50",2017,27.13147,3.57010851063201,0.784329046675318,-0.266044493539442,1.16763327152434,984,595,77,122,9,181,103,0.0782579773210793,0.102872375597998,0.016735615,14065.5648,13830.27107,14112.15718,14408.35963,0.976208615,0.996698422,1.017012951
"240","50",2018,27.48023,3.66165865349236,0.823865011319046,-0.127822292807073,1.3503584449376,1234,420,54,75,8,677,92,0.0798428967500717,0.102720968974754,0.021445783,14065.5648,13830.27107,14112.15718,14408.35963,0.976208615,0.996698422,1.017012951
"241","51",2009,30.01692,2.86531432754313,0.755573856345021,-0.366575888833531,-0.239067311368452,1042,754,78,90,6,114,125,0.0716213046359877,0.100441987009504,0.039952338,14724.24427,15361.91245,16014.4933,16828.74658,0.874945986,0.919432416,0.958490313
"242","51",2010,30.33991,2.92614697865248,0.768624560850708,-0.320949150896583,-0.117651261367311,1228,879,76,136,3,134,165,0.0723576342524578,0.100513564988014,0.043907647,14724.24427,15361.91245,16014.4933,16828.74658,0.874945986,0.919432416,0.958490313
"243","51",2011,30.75936,3.11272596241338,0.764645298211666,-0.334861102817242,0.254742228121678,1220,864,87,109,5,155,115,0.0738714561398991,0.10130254845135,0.068442811,14724.24427,15361.91245,16014.4933,16828.74658,0.874945986,0.919432416,0.958490313
"244","51",2012,31.15336,3.24150192942082,0.766530480179345,-0.328270293595774,0.511766522871147,1388,948,86,128,4,222,132,0.0750169291301577,0.101789976350498,0.07269983,14724.24427,15361.91245,16014.4933,16828.74658,0.874945986,0.919432416,0.958490313
"245","51",2013,31.82113,3.33348037455936,0.741645566955039,-0.415270762710248,0.695346545939581,1723,1161,75,170,7,310,99,0.0753673799488434,0.102482508283654,0.057879408,14724.24427,15361.91245,16014.4933,16828.74658,0.874945986,0.919432416,0.958490313
"246","51",2014,32.24357,3.4467062746412,0.772867272451531,-0.306116151630648,0.92133442079069,1608,1133,83,157,5,230,123,0.0769376458904879,0.102527306133439,0.065649125,14724.24427,15361.91245,16014.4933,16828.74658,0.874945986,0.919432416,0.958490313
"247","51",2015,32.65486,3.49332219755976,0.791306408908199,-0.241650846594781,1.0143752652174,1270,913,86,143,6,122,117,0.0776970237893586,0.102472576933679,0.07078093,14724.24427,15361.91245,16014.4933,16828.74658,0.874945986,0.919432416,0.958490313
"248","51",2016,33.05531,3.62371863459947,0.820443069509861,-0.139785788118392,1.2746338604104,1263,852,111,130,3,167,126,0.0794291580395049,0.102613569029317,0.064214428,14724.24427,15361.91245,16014.4933,16828.74658,0.874945986,0.919432416,0.958490313
"249","51",2017,33.44544,3.63532057726615,0.84316426992738,-0.0603499035183449,1.29779020860894,1240,755,86,144,4,251,115,0.0799699943290515,0.102362414252281,0.061945903,14724.24427,15361.91245,16014.4933,16828.74658,0.874945986,0.919432416,0.958490313
"250","51",2018,34.41998,3.68715609820098,0.855317173339438,-0.0178619796738191,1.40124886258646,1169,331,62,44,0,732,120,0.0806836689382959,0.102410919857262,0.06174128,14724.24427,15361.91245,16014.4933,16828.74658,0.874945986,0.919432416,0.958490313
"251","52",2009,59.263,2.75175472192686,0.707355348193645,-0.535153242966009,-0.465721229982496,936,671,88,88,5,84,100,0.069860253189822,0.100615525055054,0.060302991,32169.14322,33764.49239,35086.82748,36822.31443,0.873631756,0.916843885,0.952750684
"252","52",2010,60.04045,2.87824458159741,0.765483936246314,-0.3319291294656,-0.213259782941652,931,674,87,77,6,87,96,0.0719012110850527,0.100365394645659,0.063081823,32169.14322,33764.49239,35086.82748,36822.31443,0.873631756,0.916843885,0.952750684
"253","52",2011,60.80716,2.99311733947475,0.783460368811831,-0.269081489527797,0.0160150597597328,943,670,92,83,1,97,100,0.0731845996855417,0.100586382568579,0.058411899,32169.14322,33764.49239,35086.82748,36822.31443,0.873631756,0.916843885,0.952750684
"254","52",2012,61.54996,3.11546609532907,0.77400537709529,-0.302137209167964,0.260211266689514,971,667,122,103,5,74,135,0.0740620176774428,0.101192109724166,0.030777778,32169.14322,33764.49239,35086.82748,36822.31443,0.873631756,0.916843885,0.952750684
"255","52",2013,64.34048,3.15766192132715,0.769033740500537,-0.31951861259547,0.344430027927022,998,735,82,114,2,65,113,0.0743361828285771,0.101423966691987,0.026645336,32169.14322,33764.49239,35086.82748,36822.31443,0.873631756,0.916843885,0.952750684
"256","52",2014,65.23222,3.23066981363967,0.797765276116619,-0.219069916855724,0.490146674199109,919,662,91,88,6,72,94,0.0754888325114755,0.101340989167924,0.025576598,32169.14322,33764.49239,35086.82748,36822.31443,0.873631756,0.916843885,0.952750684
"257","52",2015,66.10681,3.26825402292727,0.817464948013677,-0.150197637455076,0.565161097389621,1025,734,92,117,11,71,116,0.0761785536378059,0.101234669505339,0.027230144,32169.14322,33764.49239,35086.82748,36822.31443,0.873631756,0.916843885,0.952750684
"258","52",2016,66.95855,3.30119630060685,0.821403689297334,-0.136427352772547,0.630910676948551,953,665,95,112,11,70,107,0.0765420214224729,0.101314257392427,0.025608026,32169.14322,33764.49239,35086.82748,36822.31443,0.873631756,0.916843885,0.952750684
"259","52",2017,67.78772,3.3431715702256,0.801325077757446,-0.206624447992124,0.714689229122453,1050,704,79,147,4,116,103,0.076543953226359,0.101741946380218,0.026642984,32169.14322,33764.49239,35086.82748,36822.31443,0.873631756,0.916843885,0.952750684
"260","52",2018,69.21161,3.34190595199224,0.831074439678545,-0.102617316455741,0.712163178327337,1053,394,72,89,6,492,112,0.0770823738991041,0.101350365557316,0.017439947,32169.14322,33764.49239,35086.82748,36822.31443,0.873631756,0.916843885,0.952750684
"261","53",2009,26.06885,3.86473305241536,0.190265393371783,-2.34295816630983,1.75567517738225,305,265,14,9,0,17,20,0.0701669405549098,0.112219736795601,0.017688115,10724.67655,10545.61,10805.33176,11087.01527,0.967318642,0.992535611,1.016980198
"262","53",2010,25.62963,4.02985759987021,0.234104042859768,-2.18969329307433,2.08524770043663,306,249,23,8,0,26,27,0.0722910427242953,0.112314555941858,0.010598102,10724.67655,10545.61,10805.33176,11087.01527,0.967318642,0.992535611,1.016980198
"263","53",2011,26.09998,4.08129084593004,0.211494414938249,-2.26873910761849,2.18790345292217,333,260,8,14,0,51,30,0.0723281256972305,0.112860182888668,0.012174531,10724.67655,10545.61,10805.33176,11087.01527,0.967318642,0.992535611,1.016980198
"264","53",2012,26.48532,4.12647861519992,0.265807624752127,-2.07885398765331,2.27809384168642,394,308,12,18,0,56,27,0.0736688200820226,0.112284131424686,0.008666431,10724.67655,10545.61,10805.33176,11087.01527,0.967318642,0.992535611,1.016980198
"265","53",2013,27.89761,4.14399795956595,0.312571578712298,-1.91536191936638,2.31306074766113,339,276,20,17,2,24,36,0.0746561320629572,0.111697708983346,0.007012623,10724.67655,10545.61,10805.33176,11087.01527,0.967318642,0.992535611,1.016980198
"266","53",2014,28.52372,4.23724359126579,0.358999457293789,-1.75304480858642,2.49916995175459,388,290,23,29,2,44,31,0.0763155693124849,0.111445014914597,0.007072724,10724.67655,10545.61,10805.33176,11087.01527,0.967318642,0.992535611,1.016980198
"267","53",2015,29.1483,4.30367299960281,0.369146742691684,-1.7175687519935,2.63175658437883,359,271,30,16,2,40,39,0.0770922173084562,0.111588614340365,0.007599165,10724.67655,10545.61,10805.33176,11087.01527,0.967318642,0.992535611,1.016980198
"268","53",2016,29.77216,4.37089230579748,0.373503299726993,-1.70233773622184,2.76591977623618,357,257,19,28,1,52,28,0.0777749209819062,0.111817671040537,0.019419087,10724.67655,10545.61,10805.33176,11087.01527,0.967318642,0.992535611,1.016980198
"269","53",2017,30.39444,4.38828789404827,0.0421129653976188,-2.86091579863186,2.80063967705164,324,175,21,32,1,95,27,0.0719485601894075,0.116669621008148,0.02229503,10724.67655,10545.61,10805.33176,11087.01527,0.967318642,0.992535611,1.016980198
"270","53",2018,29.74703,4.45040224167629,0.0430295058027642,-2.85771146978846,2.92461386854026,381,111,17,21,7,225,33,0.0724859680135729,0.11693535351515,0.020564284,10724.67655,10545.61,10805.33176,11087.01527,0.967318642,0.992535611,1.016980198
