uf_numero,diag.ym,new.cases,cure,tx.die,tx.abn,fail,mdr.sus,return.ab
11,1/1/15,49,32,0,10,0,1,5
11,2/1/15,46,31,0,6,0,1,3
11,3/1/15,57,37,1,11,0,0,7
11,4/1/15,42,30,1,4,0,0,0
11,5/1/15,56,41,3,7,1,0,5
11,6/1/15,42,30,4,5,0,0,8
11,7/1/15,52,42,3,5,0,0,3
11,8/1/15,48,31,4,7,1,0,13
11,9/1/15,32,27,0,2,0,0,6
11,10/1/15,33,23,1,5,0,0,7
11,11/1/15,59,43,2,9,0,0,9
11,12/1/15,47,38,1,4,0,0,5
11,1/1/16,52,42,2,6,0,0,7
11,2/1/16,48,37,0,7,0,0,6
11,3/1/16,65,51,3,8,0,1,9
11,4/1/16,62,45,2,11,0,1,7
11,5/1/16,60,41,2,16,0,0,7
11,6/1/16,73,55,2,14,0,0,6
11,7/1/16,42,35,1,4,0,0,7
11,8/1/16,54,40,3,9,0,0,11
11,9/1/16,47,37,2,6,0,0,7
11,10/1/16,48,34,3,5,0,1,7
11,11/1/16,49,36,1,9,0,1,5
11,12/1/16,49,36,1,9,0,0,9
11,1/1/17,50,37,2,5,0,0,9
11,2/1/17,52,36,2,4,0,0,5
11,3/1/17,69,45,3,11,0,0,11
11,4/1/17,58,38,2,9,0,0,4
11,5/1/17,46,31,0,5,0,0,7
11,6/1/17,56,39,3,9,0,1,8
11,7/1/17,45,35,1,6,0,0,6
11,8/1/17,65,54,0,8,0,0,13
11,9/1/17,61,42,3,2,0,0,1
11,10/1/17,55,38,0,11,0,0,8
11,11/1/17,55,37,2,6,0,1,3
11,12/1/17,45,26,1,8,0,2,7
11,1/1/18,49,43,2,3,0,0,7
11,2/1/18,60,42,1,14,0,2,5
11,3/1/18,43,29,1,9,0,0,2
11,4/1/18,61,47,1,12,0,0,9
11,5/1/18,50,41,1,4,0,1,5
11,6/1/18,60,46,6,6,0,0,7
11,7/1/18,44,30,1,9,0,0,5
11,8/1/18,51,37,0,10,0,1,5
11,9/1/18,40,26,1,12,0,0,6
11,10/1/18,38,27,1,9,0,0,4
11,11/1/18,50,36,1,12,0,0,7
11,12/1/18,46,36,1,7,0,1,3
11,1/1/19,42,32,1,6,0,0,9
11,2/1/19,66,50,2,12,0,2,6
11,3/1/19,54,41,3,9,0,0,3
11,4/1/19,65,46,1,14,0,1,7
11,5/1/19,65,50,1,11,0,1,7
11,6/1/19,51,33,1,15,0,0,3
11,7/1/19,64,44,1,15,0,0,6
11,8/1/19,56,42,1,13,0,0,6
11,9/1/19,60,43,3,13,0,0,9
11,10/1/19,39,26,2,9,0,1,9
11,11/1/19,45,29,2,8,0,0,2
11,12/1/19,47,38,0,8,0,0,7
11,1/1/20,64,44,0,16,0,2,8
11,2/1/20,39,24,2,11,0,0,11
11,3/1/20,56,47,0,5,0,2,8
11,4/1/20,34,25,0,7,0,0,5
11,5/1/20,37,27,1,7,0,0,3
11,6/1/20,34,21,2,9,0,2,1
11,7/1/20,38,29,2,5,0,1,8
11,8/1/20,40,19,3,15,0,1,5
11,9/1/20,43,30,2,7,0,0,5
11,10/1/20,42,32,0,7,0,0,4
11,11/1/20,49,34,3,10,0,0,3
11,12/1/20,38,25,3,10,0,0,2
11,1/1/21,40,29,1,8,0,1,3
11,2/1/21,39,23,0,14,0,2,7
11,3/1/21,40,27,4,7,0,0,6
11,4/1/21,52,36,2,12,0,0,4
11,5/1/21,55,41,0,12,0,0,6
11,6/1/21,48,37,2,7,0,0,5
11,7/1/21,46,37,0,7,0,0,11
11,8/1/21,64,41,4,17,0,0,11
11,9/1/21,54,34,1,17,0,0,7
11,10/1/21,50,33,3,10,0,0,4
11,11/1/21,39,25,3,11,0,0,5
11,12/1/21,50,35,3,12,0,0,9
12,1/1/15,21,18,2,1,0,0,3
12,2/1/15,26,24,1,1,0,0,0
12,3/1/15,30,27,2,0,0,1,1
12,4/1/15,30,30,0,0,0,0,0
12,5/1/15,27,23,4,0,0,0,0
12,6/1/15,19,13,3,2,0,1,0
12,7/1/15,30,26,2,2,0,0,0
12,8/1/15,25,24,1,0,0,0,2
12,9/1/15,29,28,0,1,0,0,1
12,10/1/15,24,22,1,0,0,1,0
12,11/1/15,40,33,2,2,0,1,1
12,12/1/15,26,19,6,1,0,0,0
12,1/1/16,35,29,3,3,0,0,2
12,2/1/16,37,33,3,0,0,0,2
12,3/1/16,36,33,1,0,1,0,1
12,4/1/16,37,32,2,2,0,0,0
12,5/1/16,21,21,0,0,0,0,0
12,6/1/16,40,38,1,1,0,0,3
12,7/1/16,29,27,0,1,0,0,1
12,8/1/16,35,32,1,1,0,1,1
12,9/1/16,31,30,1,0,0,0,1
12,10/1/16,39,32,0,7,0,0,0
12,11/1/16,51,46,1,1,0,1,1
12,12/1/16,32,29,2,0,0,0,1
12,1/1/17,35,34,0,1,0,0,1
12,2/1/17,33,31,0,0,0,1,2
12,3/1/17,47,42,0,3,0,0,0
12,4/1/17,38,37,1,0,0,0,0
12,5/1/17,48,44,2,1,0,1,0
12,6/1/17,40,40,0,0,0,0,1
12,7/1/17,49,47,1,1,0,0,0
12,8/1/17,37,33,3,0,0,0,0
12,9/1/17,36,32,2,1,0,1,0
12,10/1/17,37,36,0,1,0,0,1
12,11/1/17,32,27,3,1,0,1,2
12,12/1/17,36,34,0,0,0,1,0
12,1/1/18,24,19,4,0,0,0,0
12,2/1/18,33,32,0,0,0,1,0
12,3/1/18,35,32,2,0,0,0,0
12,4/1/18,55,50,2,1,0,1,0
12,5/1/18,40,37,1,1,0,1,0
12,6/1/18,33,29,1,2,0,0,1
12,7/1/18,43,40,1,1,0,0,1
12,8/1/18,55,50,3,0,0,0,0
12,9/1/18,28,26,0,2,0,0,0
12,10/1/18,37,34,0,1,0,0,0
12,11/1/18,42,37,1,3,0,0,1
12,12/1/18,48,44,0,3,0,1,0
12,1/1/19,43,41,1,0,0,0,2
12,2/1/19,50,45,3,2,0,0,1
12,3/1/19,60,58,1,0,0,0,2
12,4/1/19,67,62,2,1,0,2,0
12,5/1/19,56,48,2,2,0,0,1
12,6/1/19,48,39,7,0,0,0,1
12,7/1/19,42,39,0,3,0,0,0
12,8/1/19,34,30,2,1,0,1,0
12,9/1/19,33,31,0,1,0,0,0
12,10/1/19,54,44,2,2,0,0,1
12,11/1/19,44,37,1,3,0,1,0
12,12/1/19,34,30,1,1,0,1,0
12,1/1/20,53,48,3,0,0,0,0
12,2/1/20,36,31,2,0,0,1,1
12,3/1/20,56,48,2,2,0,0,1
12,4/1/20,60,52,2,4,0,0,2
12,5/1/20,37,31,0,3,0,0,4
12,6/1/20,33,29,1,3,0,0,0
12,7/1/20,66,64,0,1,0,0,1
12,8/1/20,57,48,5,3,0,0,3
12,9/1/20,54,47,0,6,0,0,1
12,10/1/20,55,45,3,3,0,1,1
12,11/1/20,38,36,1,1,0,0,1
12,12/1/20,42,37,1,3,0,0,0
12,1/1/21,36,32,2,1,0,0,0
12,2/1/21,37,30,2,3,0,0,1
12,3/1/21,57,51,1,5,0,0,1
12,4/1/21,48,42,1,3,0,0,2
12,5/1/21,49,44,1,3,0,0,2
12,6/1/21,53,43,3,1,0,2,3
12,7/1/21,43,39,2,0,0,0,2
12,8/1/21,48,44,2,1,0,0,3
12,9/1/21,56,49,5,2,0,0,6
12,10/1/21,44,40,1,2,0,0,1
12,11/1/21,52,45,1,1,0,2,1
12,12/1/21,45,34,4,3,0,0,2
13,1/1/15,249,189,25,23,0,4,21
13,2/1/15,226,169,16,25,0,8,21
13,3/1/15,283,209,29,33,0,2,24
13,4/1/15,266,187,31,35,0,3,14
13,5/1/15,238,153,22,44,0,4,18
13,6/1/15,279,201,26,29,0,4,17
13,7/1/15,289,206,22,38,1,3,20
13,8/1/15,257,185,27,24,0,5,14
13,9/1/15,247,178,14,38,0,2,24
13,10/1/15,253,192,16,26,0,4,22
13,11/1/15,271,189,27,32,0,3,23
13,12/1/15,249,172,20,36,0,2,17
13,1/1/16,251,176,24,32,0,1,29
13,2/1/16,232,157,24,22,0,3,19
13,3/1/16,286,201,34,33,0,2,20
13,4/1/16,260,198,28,25,0,0,18
13,5/1/16,260,206,15,33,0,1,17
13,6/1/16,341,269,22,34,0,2,19
13,7/1/16,237,181,18,24,0,1,22
13,8/1/16,279,198,31,33,0,3,24
13,9/1/16,241,180,16,27,0,3,12
13,10/1/16,229,182,17,19,0,1,14
13,11/1/16,206,148,23,20,0,5,19
13,12/1/16,194,152,11,23,0,2,19
13,1/1/17,274,196,21,41,0,6,24
13,2/1/17,237,173,26,27,0,4,14
13,3/1/17,308,246,23,25,0,7,22
13,4/1/17,271,199,27,26,0,7,25
13,5/1/17,340,254,36,37,0,7,31
13,6/1/17,281,208,33,28,0,6,20
13,7/1/17,323,218,38,52,0,7,15
13,8/1/17,313,220,26,51,0,6,19
13,9/1/17,243,175,25,36,0,4,12
13,10/1/17,259,182,29,33,0,6,21
13,11/1/17,248,190,24,26,0,4,27
13,12/1/17,262,196,20,34,0,5,21
13,1/1/18,282,200,30,40,0,3,24
13,2/1/18,245,170,21,33,0,7,16
13,3/1/18,292,208,18,48,0,7,29
13,4/1/18,315,218,21,54,0,7,32
13,5/1/18,306,222,38,36,0,3,26
13,6/1/18,294,211,24,43,0,6,24
13,7/1/18,308,219,31,38,0,6,30
13,8/1/18,336,218,27,61,0,6,17
13,9/1/18,259,181,22,38,0,1,28
13,10/1/18,314,222,26,39,0,9,29
13,11/1/18,286,211,26,35,0,5,23
13,12/1/18,219,150,23,33,0,5,29
13,1/1/19,319,247,20,35,0,5,31
13,2/1/19,288,206,26,41,0,4,35
13,3/1/19,293,206,26,37,0,5,32
13,4/1/19,353,262,30,44,1,7,32
13,5/1/19,335,250,28,47,0,2,43
13,6/1/19,242,183,11,35,0,4,29
13,7/1/19,304,212,27,50,0,3,25
13,8/1/19,266,192,16,43,0,5,38
13,9/1/19,263,192,16,44,0,3,29
13,10/1/19,293,212,21,48,0,3,31
13,11/1/19,292,191,33,53,0,3,30
13,12/1/19,285,196,19,41,0,5,20
13,1/1/20,325,224,25,51,0,5,55
13,2/1/20,279,194,22,45,0,2,27
13,3/1/20,342,239,36,51,0,2,36
13,4/1/20,188,125,17,35,0,4,30
13,5/1/20,174,118,25,23,0,5,30
13,6/1/20,257,175,22,46,0,3,34
13,7/1/20,249,175,16,42,0,2,38
13,8/1/20,263,194,18,37,0,2,25
13,9/1/20,267,170,22,46,0,11,32
13,10/1/20,246,157,24,43,1,3,35
13,11/1/20,227,159,17,33,0,4,38
13,12/1/20,238,167,20,31,0,8,30
13,1/1/21,171,122,15,23,0,7,27
13,2/1/21,256,181,23,35,0,5,43
13,3/1/21,298,212,30,39,1,5,40
13,4/1/21,319,227,29,46,1,4,50
13,5/1/21,312,214,24,47,0,7,37
13,6/1/21,292,203,28,39,0,5,38
13,7/1/21,282,204,20,41,0,4,48
13,8/1/21,307,180,31,58,0,16,40
13,9/1/21,309,205,19,50,1,9,43
13,10/1/21,286,202,20,45,0,4,32
13,11/1/21,304,190,24,62,0,6,47
13,12/1/21,256,162,35,39,0,5,43
14,1/1/15,19,13,3,2,0,0,2
14,2/1/15,11,7,2,1,0,1,0
14,3/1/15,12,8,1,0,0,0,0
14,4/1/15,17,13,2,0,0,0,1
14,5/1/15,12,8,1,1,0,0,0
14,6/1/15,12,10,0,1,0,0,1
14,7/1/15,14,12,0,0,0,1,0
14,8/1/15,7,6,0,1,0,0,0
14,9/1/15,18,13,1,2,0,0,0
14,10/1/15,14,11,1,1,0,1,0
14,11/1/15,11,7,1,2,0,0,1
14,12/1/15,10,9,0,1,0,0,0
14,1/1/16,13,9,2,0,0,1,0
14,2/1/16,7,6,1,0,0,0,0
14,3/1/16,16,13,2,1,0,0,0
14,4/1/16,12,10,0,2,0,0,0
14,5/1/16,14,8,2,2,0,1,1
14,6/1/16,10,4,3,1,0,1,0
14,7/1/16,7,3,2,1,0,1,1
14,8/1/16,7,5,1,1,0,0,1
14,9/1/16,15,8,3,2,0,1,0
14,10/1/16,15,11,0,0,0,1,2
14,11/1/16,16,13,2,1,0,0,1
14,12/1/16,13,10,1,1,0,0,0
14,1/1/17,17,12,3,1,0,0,0
14,2/1/17,18,17,0,1,0,0,0
14,3/1/17,16,11,2,2,0,1,0
14,4/1/17,18,11,1,2,0,0,0
14,5/1/17,19,14,2,0,0,0,0
14,6/1/17,10,8,0,0,0,1,0
14,7/1/17,16,6,1,8,0,1,0
14,8/1/17,15,11,1,2,0,0,1
14,9/1/17,23,17,1,2,0,1,0
14,10/1/17,19,14,2,3,0,0,0
14,11/1/17,21,14,2,5,0,0,1
14,12/1/17,8,7,0,1,0,0,0
14,1/1/18,17,12,0,2,0,1,0
14,2/1/18,13,9,1,1,0,2,1
14,3/1/18,13,10,0,2,0,0,1
14,4/1/18,15,11,2,2,0,0,3
14,5/1/18,19,15,1,2,0,0,1
14,6/1/18,15,12,1,2,0,0,0
14,7/1/18,28,22,1,3,0,0,1
14,8/1/18,24,17,2,2,0,1,0
14,9/1/18,27,17,1,7,0,0,1
14,10/1/18,26,18,2,5,0,0,0
14,11/1/18,18,17,0,1,0,0,0
14,12/1/18,23,19,0,2,0,0,2
14,1/1/19,23,17,1,3,0,1,1
14,2/1/19,25,21,1,1,0,1,2
14,3/1/19,30,23,2,2,0,0,0
14,4/1/19,31,24,3,2,0,1,0
14,5/1/19,29,21,2,2,0,1,0
14,6/1/19,21,16,2,2,0,0,0
14,7/1/19,18,11,3,2,0,0,1
14,8/1/19,24,16,1,4,0,1,0
14,9/1/19,30,22,3,3,0,0,1
14,10/1/19,26,19,3,4,0,0,2
14,11/1/19,16,11,0,4,0,0,1
14,12/1/19,29,18,0,4,0,0,1
14,1/1/20,37,27,6,4,0,0,2
14,2/1/20,34,26,1,4,0,0,0
14,3/1/20,31,22,1,3,0,0,0
14,4/1/20,19,19,0,0,0,0,2
14,5/1/20,18,15,1,1,0,0,2
14,6/1/20,25,21,0,3,0,0,0
14,7/1/20,30,25,2,3,0,0,2
14,8/1/20,24,18,3,2,0,0,2
14,9/1/20,25,20,0,1,0,0,2
14,10/1/20,26,18,1,4,0,0,1
14,11/1/20,19,13,1,2,0,1,2
14,12/1/20,23,20,1,1,0,0,0
14,1/1/21,21,17,2,1,0,0,2
14,2/1/21,26,16,4,3,0,0,1
14,3/1/21,43,35,3,4,0,1,1
14,4/1/21,24,16,2,4,0,0,0
14,5/1/21,30,27,2,0,0,1,2
14,6/1/21,28,19,3,4,0,0,5
14,7/1/21,22,17,2,0,0,0,1
14,8/1/21,35,20,2,9,0,0,4
14,9/1/21,26,20,1,2,0,0,2
14,10/1/21,21,16,2,2,0,0,2
14,11/1/21,38,28,3,2,0,0,4
14,12/1/21,31,25,1,2,0,0,0
15,1/1/15,305,228,14,28,0,1,17
15,2/1/15,248,168,13,27,0,1,11
15,3/1/15,325,195,18,21,0,6,20
15,4/1/15,323,187,12,28,1,1,13
15,5/1/15,289,147,17,16,0,4,16
15,6/1/15,312,182,14,30,0,2,14
15,7/1/15,324,218,14,42,0,5,18
15,8/1/15,319,239,18,30,0,3,16
15,9/1/15,339,246,24,32,1,5,27
15,10/1/15,304,206,20,37,0,2,17
15,11/1/15,290,208,19,33,0,7,24
15,12/1/15,297,214,20,27,1,2,16
15,1/1/16,315,230,15,27,1,5,17
15,2/1/16,238,167,14,29,0,2,22
15,3/1/16,340,246,14,39,1,3,21
15,4/1/16,333,232,11,40,0,2,20
15,5/1/16,351,246,8,45,1,1,23
15,6/1/16,380,269,20,34,0,3,22
15,7/1/16,327,229,17,38,0,5,20
15,8/1/16,336,234,15,34,0,5,24
15,9/1/16,340,233,12,38,1,2,14
15,10/1/16,279,206,9,26,0,0,19
15,11/1/16,316,204,10,41,1,4,16
15,12/1/16,286,180,15,36,0,3,17
15,1/1/17,334,235,17,37,0,7,18
15,2/1/17,307,213,27,27,0,7,14
15,3/1/17,406,293,24,39,0,4,16
15,4/1/17,327,242,19,36,1,1,25
15,5/1/17,394,289,13,44,0,4,25
15,6/1/17,352,257,20,38,0,2,17
15,7/1/17,321,245,15,29,0,1,15
15,8/1/17,331,225,20,44,1,1,19
15,9/1/17,353,240,24,41,0,3,16
15,10/1/17,331,238,15,33,0,2,13
15,11/1/17,336,240,16,40,0,4,20
15,12/1/17,307,215,23,33,0,1,18
15,1/1/18,338,265,17,26,0,2,17
15,2/1/18,292,219,15,28,0,1,12
15,3/1/18,343,265,18,29,0,5,19
15,4/1/18,387,287,16,50,0,4,25
15,5/1/18,336,246,12,40,0,8,23
15,6/1/18,376,266,24,35,1,1,22
15,7/1/18,380,273,21,41,1,5,20
15,8/1/18,392,283,24,46,0,2,16
15,9/1/18,399,285,28,39,0,3,14
15,10/1/18,390,297,14,35,0,5,24
15,11/1/18,360,259,19,37,0,2,19
15,12/1/18,301,221,19,27,2,2,11
15,1/1/19,365,260,26,40,0,3,18
15,2/1/19,412,327,23,24,0,3,31
15,3/1/19,427,316,27,47,0,1,18
15,4/1/19,413,313,28,34,0,4,25
15,5/1/19,491,383,21,53,0,2,38
15,6/1/19,416,321,22,39,1,0,24
15,7/1/19,473,338,34,48,2,4,24
15,8/1/19,409,303,26,45,0,2,33
15,9/1/19,435,299,20,65,0,2,30
15,10/1/19,450,336,21,44,1,5,16
15,11/1/19,378,251,31,53,1,3,27
15,12/1/19,325,236,18,33,1,3,21
15,1/1/20,433,307,39,44,0,3,38
15,2/1/20,387,291,21,47,0,3,26
15,3/1/20,415,302,29,50,0,3,38
15,4/1/20,301,205,21,48,0,2,24
15,5/1/20,306,227,11,38,0,2,21
15,6/1/20,366,247,19,45,1,6,36
15,7/1/20,387,263,20,65,0,0,22
15,8/1/20,361,249,10,63,0,0,34
15,9/1/20,383,254,27,55,0,2,37
15,10/1/20,356,237,22,52,0,3,28
15,11/1/20,382,261,25,46,1,3,37
15,12/1/20,305,210,16,36,0,1,18
15,1/1/21,333,212,22,42,1,1,30
15,2/1/21,321,212,13,52,0,2,43
15,3/1/21,355,230,21,48,1,4,40
15,4/1/21,377,244,23,47,0,2,46
15,5/1/21,377,247,20,52,0,3,33
15,6/1/21,448,284,34,60,0,3,48
15,7/1/21,417,272,27,52,0,3,41
15,8/1/21,431,272,22,63,0,3,37
15,9/1/21,435,275,25,62,0,3,56
15,10/1/21,385,238,18,53,0,2,34
15,11/1/21,408,242,23,47,1,3,34
15,12/1/21,372,223,18,48,2,2,50
16,1/1/15,13,10,0,0,0,0,0
16,2/1/15,13,8,1,2,0,0,0
16,3/1/15,14,8,0,4,0,0,1
16,4/1/15,20,14,0,3,0,1,0
16,5/1/15,11,6,1,2,0,0,1
16,6/1/15,19,16,1,0,0,0,1
16,7/1/15,15,13,0,2,0,0,1
16,8/1/15,22,13,0,1,0,0,2
16,9/1/15,20,16,1,1,0,0,2
16,10/1/15,14,14,0,0,0,0,0
16,11/1/15,13,3,0,1,0,0,0
16,12/1/15,15,9,0,1,0,1,0
16,1/1/16,11,7,0,1,0,0,1
16,2/1/16,19,15,0,1,0,0,1
16,3/1/16,29,18,0,4,0,1,2
16,4/1/16,25,16,0,5,0,0,3
16,5/1/16,19,14,1,0,0,0,0
16,6/1/16,25,13,1,5,0,0,1
16,7/1/16,15,10,3,0,0,0,0
16,8/1/16,26,17,1,1,0,0,2
16,9/1/16,25,16,2,5,0,0,0
16,10/1/16,19,13,1,1,0,0,0
16,11/1/16,13,11,1,0,0,0,1
16,12/1/16,17,13,2,2,0,0,1
16,1/1/17,22,15,4,1,0,0,1
16,2/1/17,20,17,2,0,0,0,0
16,3/1/17,38,34,1,2,0,0,0
16,4/1/17,17,14,0,1,0,0,0
16,5/1/17,16,14,1,1,0,0,2
16,6/1/17,31,24,0,3,1,0,1
16,7/1/17,31,27,2,1,0,0,0
16,8/1/17,26,24,1,1,0,0,0
16,9/1/17,15,12,2,0,0,0,0
16,10/1/17,14,9,0,1,0,0,1
16,11/1/17,21,17,0,1,0,0,1
16,12/1/17,17,13,3,0,0,1,1
16,1/1/18,23,20,1,1,0,0,0
16,2/1/18,9,8,0,0,0,0,0
16,3/1/18,23,15,6,1,0,0,1
16,4/1/18,21,13,1,6,0,0,0
16,5/1/18,15,10,2,1,0,0,1
16,6/1/18,20,16,1,1,0,0,2
16,7/1/18,15,12,0,2,0,0,0
16,8/1/18,29,21,2,4,0,0,1
16,9/1/18,26,19,2,1,0,0,1
16,10/1/18,22,18,1,2,0,0,1
16,11/1/18,17,14,0,3,0,0,2
16,12/1/18,21,16,2,2,0,0,2
16,1/1/19,27,18,3,2,0,0,1
16,2/1/19,25,18,0,6,0,0,1
16,3/1/19,23,20,1,2,0,0,2
16,4/1/19,27,24,0,3,0,0,1
16,5/1/19,22,12,2,8,0,0,0
16,6/1/19,26,21,2,3,0,0,1
16,7/1/19,34,28,1,2,0,0,1
16,8/1/19,39,26,4,6,0,0,1
16,9/1/19,27,22,2,3,0,0,2
16,10/1/19,26,19,0,5,0,0,1
16,11/1/19,26,17,2,4,0,0,0
16,12/1/19,12,11,0,0,0,1,0
16,1/1/20,20,15,1,3,0,0,0
16,2/1/20,18,13,2,2,0,0,1
16,3/1/20,30,22,3,4,0,0,3
16,4/1/20,17,15,1,1,0,0,0
16,5/1/20,16,12,0,3,0,0,1
16,6/1/20,21,14,4,3,0,0,2
16,7/1/20,41,31,3,5,0,0,3
16,8/1/20,23,16,2,5,0,0,2
16,9/1/20,26,17,1,8,0,0,3
16,10/1/20,24,15,4,5,0,0,1
16,11/1/20,15,9,0,4,0,0,2
16,12/1/20,25,13,2,8,0,0,1
16,1/1/21,31,22,1,8,0,0,3
16,2/1/21,29,21,3,4,0,0,2
16,3/1/21,21,16,2,1,0,0,0
16,4/1/21,25,18,0,6,0,0,3
16,5/1/21,24,19,0,4,0,0,4
16,6/1/21,26,16,1,9,0,0,5
16,7/1/21,27,20,1,2,0,2,1
16,8/1/21,29,21,1,5,1,0,3
16,9/1/21,45,39,1,3,0,0,5
16,10/1/21,28,17,2,6,0,0,2
16,11/1/21,37,26,0,6,0,1,4
16,12/1/21,32,20,3,6,0,0,5
17,1/1/15,16,12,1,3,0,0,1
17,2/1/15,14,12,2,0,0,0,0
17,3/1/15,10,5,3,0,0,1,0
17,4/1/15,19,12,1,3,0,0,0
17,5/1/15,15,11,0,0,0,0,0
17,6/1/15,12,9,1,1,0,0,1
17,7/1/15,18,15,1,2,0,0,2
17,8/1/15,8,8,0,0,0,0,0
17,9/1/15,11,9,1,1,0,0,0
17,10/1/15,16,14,1,1,0,0,1
17,11/1/15,19,14,2,2,0,0,2
17,12/1/15,12,11,0,1,0,0,1
17,1/1/16,14,11,0,1,0,1,0
17,2/1/16,16,13,1,1,0,0,3
17,3/1/16,13,10,1,0,0,0,0
17,4/1/16,17,12,1,0,0,0,1
17,5/1/16,10,6,1,1,0,1,2
17,6/1/16,18,14,1,1,0,0,1
17,7/1/16,14,11,1,0,0,0,0
17,8/1/16,12,9,2,0,0,0,1
17,9/1/16,17,10,4,3,0,0,1
17,10/1/16,20,14,2,1,0,0,0
17,11/1/16,13,10,1,0,0,0,0
17,12/1/16,20,14,1,3,1,0,2
17,1/1/17,12,8,1,3,0,0,1
17,2/1/17,14,7,2,2,0,0,0
17,3/1/17,10,10,0,0,0,0,1
17,4/1/17,8,7,1,0,0,0,0
17,5/1/17,14,10,0,1,0,0,0
17,6/1/17,17,16,1,0,0,0,0
17,7/1/17,8,6,1,1,0,0,1
17,8/1/17,8,6,1,0,0,0,0
17,9/1/17,16,9,3,2,0,0,1
17,10/1/17,17,13,3,0,0,0,0
17,11/1/17,18,14,0,2,0,1,0
17,12/1/17,26,18,3,1,0,1,1
17,1/1/18,9,9,0,0,0,0,0
17,2/1/18,12,8,1,1,0,0,0
17,3/1/18,19,13,1,2,0,0,5
17,4/1/18,20,14,3,0,0,2,1
17,5/1/18,13,12,0,0,0,0,1
17,6/1/18,25,20,2,1,0,0,2
17,7/1/18,14,12,0,0,0,0,0
17,8/1/18,19,14,3,1,0,1,0
17,9/1/18,17,11,0,2,1,1,0
17,10/1/18,26,21,3,1,0,0,0
17,11/1/18,16,9,5,0,0,1,1
17,12/1/18,20,16,2,2,0,0,1
17,1/1/19,14,11,1,1,0,0,1
17,2/1/19,10,9,0,1,0,0,0
17,3/1/19,10,5,0,5,0,0,3
17,4/1/19,21,17,0,1,0,0,1
17,5/1/19,34,27,2,2,0,0,1
17,6/1/19,20,13,5,0,0,0,3
17,7/1/19,21,16,2,0,0,0,1
17,8/1/19,13,10,1,1,0,0,3
17,9/1/19,24,20,0,3,0,0,1
17,10/1/19,23,16,3,2,0,0,1
17,11/1/19,18,13,2,2,0,0,1
17,12/1/19,12,7,3,1,0,0,1
17,1/1/20,16,13,1,1,0,0,1
17,2/1/20,18,13,3,1,0,0,0
17,3/1/20,18,12,2,3,0,0,2
17,4/1/20,18,11,2,2,0,0,2
17,5/1/20,19,12,1,1,0,1,1
17,6/1/20,16,15,1,0,0,0,1
17,7/1/20,14,10,1,1,0,1,2
17,8/1/20,9,5,0,1,0,0,1
17,9/1/20,11,9,0,1,0,0,1
17,10/1/20,22,15,1,4,0,0,0
17,11/1/20,15,12,0,0,0,0,3
17,12/1/20,14,12,1,1,0,0,0
17,1/1/21,22,15,4,0,0,0,1
17,2/1/21,13,5,2,3,0,0,3
17,3/1/21,16,10,2,0,0,1,2
17,4/1/21,14,12,1,0,0,0,0
17,5/1/21,26,17,2,3,0,0,1
17,6/1/21,16,12,0,0,0,0,0
17,7/1/21,16,10,0,4,0,0,2
17,8/1/21,26,20,2,0,0,0,0
17,9/1/21,24,15,2,4,0,0,0
17,10/1/21,22,16,0,0,0,0,1
17,11/1/21,25,15,0,0,0,0,3
17,12/1/21,18,13,0,1,0,0,2
21,1/1/15,190,140,11,24,0,0,15
21,2/1/15,153,116,8,19,0,0,8
21,3/1/15,181,117,20,33,0,0,17
21,4/1/15,168,119,14,16,0,0,11
21,5/1/15,170,121,13,21,0,0,10
21,6/1/15,161,121,13,17,1,0,16
21,7/1/15,194,136,18,23,0,0,12
21,8/1/15,196,146,14,21,0,1,9
21,9/1/15,170,125,9,22,0,0,11
21,10/1/15,158,118,10,17,0,1,11
21,11/1/15,145,108,11,12,0,1,14
21,12/1/15,156,117,12,14,0,2,5
21,1/1/16,206,153,15,20,0,9,17
21,2/1/16,181,126,19,20,0,3,20
21,3/1/16,239,175,19,19,0,8,12
21,4/1/16,178,136,4,23,0,4,20
21,5/1/16,176,120,13,29,0,1,17
21,6/1/16,220,152,14,30,0,5,14
21,7/1/16,167,117,14,22,0,2,9
21,8/1/16,200,132,12,25,0,5,15
21,9/1/16,160,112,12,15,0,0,13
21,10/1/16,146,102,12,15,0,0,10
21,11/1/16,179,138,7,11,1,2,11
21,12/1/16,180,138,11,13,1,0,11
21,1/1/17,190,137,19,14,0,2,13
21,2/1/17,145,103,11,15,1,0,16
21,3/1/17,205,157,15,12,0,2,19
21,4/1/17,196,126,15,23,0,1,17
21,5/1/17,208,131,6,20,0,2,17
21,6/1/17,184,125,14,28,1,4,7
21,7/1/17,163,120,9,20,0,5,15
21,8/1/17,226,174,17,20,0,2,19
21,9/1/17,194,141,12,22,0,3,17
21,10/1/17,191,141,10,22,0,3,14
21,11/1/17,173,139,8,15,1,0,15
21,12/1/17,176,143,13,8,0,2,15
21,1/1/18,193,145,20,13,0,0,13
21,2/1/18,182,130,16,21,0,3,15
21,3/1/18,216,163,18,20,1,2,16
21,4/1/18,201,151,13,15,0,4,16
21,5/1/18,224,170,15,25,0,5,12
21,6/1/18,222,167,17,21,0,5,16
21,7/1/18,203,155,13,14,0,2,18
21,8/1/18,224,161,20,22,0,6,11
21,9/1/18,189,142,8,23,0,3,10
21,10/1/18,238,183,17,23,0,3,25
21,11/1/18,194,152,10,20,0,5,15
21,12/1/18,141,99,15,12,0,3,15
21,1/1/19,190,136,20,20,1,1,15
21,2/1/19,199,152,16,17,1,2,19
21,3/1/19,196,150,10,17,0,6,24
21,4/1/19,195,146,16,18,1,0,17
21,5/1/19,242,176,18,32,0,2,20
21,6/1/19,190,139,18,22,1,0,22
21,7/1/19,232,179,13,23,0,4,9
21,8/1/19,196,148,10,25,0,2,22
21,9/1/19,211,157,13,26,0,1,14
21,10/1/19,197,131,16,29,0,2,13
21,11/1/19,174,126,11,18,1,1,13
21,12/1/19,140,94,14,21,0,1,11
21,1/1/20,240,149,30,35,1,5,20
21,2/1/20,210,158,9,24,0,1,20
21,3/1/20,223,152,19,26,0,3,20
21,4/1/20,147,106,12,11,0,1,13
21,5/1/20,120,82,9,18,0,1,20
21,6/1/20,157,116,17,17,0,1,19
21,7/1/20,169,127,10,17,0,2,17
21,8/1/20,197,126,17,36,0,2,14
21,9/1/20,191,136,16,25,0,0,19
21,10/1/20,215,153,12,29,0,4,15
21,11/1/20,189,135,15,26,0,1,15
21,12/1/20,154,103,11,20,0,3,14
21,1/1/21,184,132,14,15,1,4,29
21,2/1/21,181,130,12,22,0,2,32
21,3/1/21,191,129,19,23,0,2,30
21,4/1/21,171,114,16,23,0,2,32
21,5/1/21,201,142,9,32,0,2,20
21,6/1/21,201,151,15,21,0,1,26
21,7/1/21,211,131,11,34,0,4,20
21,8/1/21,248,164,29,25,2,1,29
21,9/1/21,212,147,17,20,0,2,28
21,10/1/21,226,146,31,27,0,2,25
21,11/1/21,220,148,15,26,0,4,14
21,12/1/21,212,139,20,18,0,2,34
22,1/1/15,56,41,2,4,0,1,1
22,2/1/15,56,46,3,3,0,0,4
22,3/1/15,51,37,3,3,0,1,6
22,4/1/15,51,38,6,1,0,0,4
22,5/1/15,61,40,7,1,0,0,3
22,6/1/15,48,41,1,4,0,0,2
22,7/1/15,47,38,1,2,0,0,1
22,8/1/15,61,49,3,4,0,1,2
22,9/1/15,41,29,6,2,0,0,5
22,10/1/15,45,33,3,1,0,0,3
22,11/1/15,46,32,10,2,0,0,2
22,12/1/15,53,45,2,0,0,1,1
22,1/1/16,62,47,5,2,0,2,6
22,2/1/16,35,24,7,0,0,0,6
22,3/1/16,70,55,8,0,0,0,7
22,4/1/16,55,38,8,3,0,0,7
22,5/1/16,63,50,6,2,0,0,4
22,6/1/16,61,49,4,3,0,1,11
22,7/1/16,50,37,8,2,0,0,1
22,8/1/16,62,48,4,4,0,0,5
22,9/1/16,56,40,6,5,0,0,3
22,10/1/16,49,39,3,0,0,1,4
22,11/1/16,54,41,7,1,0,0,2
22,12/1/16,46,33,2,7,0,0,4
22,1/1/17,67,52,4,2,0,0,0
22,2/1/17,56,43,3,4,0,0,0
22,3/1/17,52,41,1,3,0,1,1
22,4/1/17,55,33,5,5,1,0,2
22,5/1/17,79,59,8,3,0,0,2
22,6/1/17,64,51,5,3,0,0,1
22,7/1/17,52,37,5,3,0,0,1
22,8/1/17,56,45,6,1,0,1,0
22,9/1/17,46,34,4,2,0,0,3
22,10/1/17,62,49,6,1,0,0,2
22,11/1/17,61,48,2,2,0,0,3
22,12/1/17,51,39,3,0,0,0,2
22,1/1/18,56,42,5,3,0,0,3
22,2/1/18,46,36,3,2,0,0,4
22,3/1/18,61,41,8,3,0,0,1
22,4/1/18,59,46,3,3,0,0,3
22,5/1/18,87,63,10,4,1,0,2
22,6/1/18,59,40,2,7,0,1,2
22,7/1/18,76,57,3,3,0,0,3
22,8/1/18,60,44,2,6,0,2,2
22,9/1/18,57,40,8,2,0,0,3
22,10/1/18,78,60,4,4,0,0,4
22,11/1/18,55,44,9,2,0,0,8
22,12/1/18,72,48,7,8,1,0,0
22,1/1/19,65,44,5,1,0,0,2
22,2/1/19,65,45,4,2,0,0,6
22,3/1/19,52,26,9,5,0,0,1
22,4/1/19,71,49,7,3,0,0,8
22,5/1/19,56,34,4,3,0,1,7
22,6/1/19,52,44,4,1,0,0,3
22,7/1/19,67,46,6,2,1,1,0
22,8/1/19,61,41,4,3,1,1,3
22,9/1/19,42,24,2,3,0,0,8
22,10/1/19,65,46,4,5,0,1,4
22,11/1/19,71,45,6,7,0,2,5
22,12/1/19,62,40,6,2,0,0,4
22,1/1/20,71,46,7,3,0,0,6
22,2/1/20,68,46,6,4,0,0,3
22,3/1/20,63,42,4,4,0,0,3
22,4/1/20,66,37,10,5,0,0,2
22,5/1/20,33,22,1,3,0,0,3
22,6/1/20,43,21,8,5,0,0,0
22,7/1/20,48,30,5,3,0,1,3
22,8/1/20,57,37,8,6,0,0,1
22,9/1/20,51,35,2,5,0,0,5
22,10/1/20,59,45,6,5,0,0,3
22,11/1/20,68,49,3,7,1,0,4
22,12/1/20,53,38,3,3,0,0,9
22,1/1/21,61,43,7,3,0,1,4
22,2/1/21,67,37,10,2,0,0,4
22,3/1/21,55,42,5,4,0,0,4
22,4/1/21,60,36,6,6,0,1,3
22,5/1/21,60,32,17,4,0,0,3
22,6/1/21,68,47,8,4,0,1,6
22,7/1/21,59,39,5,3,0,1,7
22,8/1/21,76,42,10,9,0,1,11
22,9/1/21,67,40,12,3,0,0,4
22,10/1/21,60,42,4,0,0,1,4
22,11/1/21,70,44,10,3,0,0,2
22,12/1/21,60,30,11,3,0,0,6
23,1/1/15,299,193,18,43,0,2,27
23,2/1/15,245,167,15,33,2,3,26
23,3/1/15,292,202,16,30,0,2,32
23,4/1/15,254,171,13,29,1,0,28
23,5/1/15,292,195,18,29,1,0,29
23,6/1/15,320,230,22,30,0,3,26
23,7/1/15,351,238,21,50,0,4,40
23,8/1/15,303,213,14,36,1,5,35
23,9/1/15,300,201,17,45,0,1,24
23,10/1/15,314,228,23,33,1,3,22
23,11/1/15,298,209,20,29,0,4,32
23,12/1/15,258,180,15,29,0,0,25
23,1/1/16,275,184,24,35,0,2,21
23,2/1/16,281,207,14,25,0,0,20
23,3/1/16,314,239,14,38,0,2,35
23,4/1/16,300,201,27,38,1,0,30
23,5/1/16,340,244,21,36,0,4,29
23,6/1/16,279,199,11,48,0,0,27
23,7/1/16,299,192,18,51,0,2,29
23,8/1/16,300,203,18,47,0,0,35
23,9/1/16,281,194,17,43,0,1,28
23,10/1/16,260,193,16,24,0,1,29
23,11/1/16,308,212,25,48,0,1,35
23,12/1/16,316,233,17,38,0,0,24
23,1/1/17,283,194,20,38,1,1,28
23,2/1/17,281,203,21,28,0,4,40
23,3/1/17,323,235,20,38,1,3,36
23,4/1/17,273,190,20,27,1,5,37
23,5/1/17,346,257,21,38,1,1,50
23,6/1/17,323,232,25,42,0,1,37
23,7/1/17,367,272,15,36,1,3,39
23,8/1/17,354,243,20,49,0,2,32
23,9/1/17,297,199,22,41,0,0,23
23,10/1/17,305,194,18,43,0,4,40
23,11/1/17,277,188,23,44,0,4,37
23,12/1/17,266,197,17,25,0,4,34
23,1/1/18,326,224,22,40,0,1,31
23,2/1/18,290,195,18,36,0,6,19
23,3/1/18,314,215,14,35,0,2,37
23,4/1/18,328,218,13,51,1,1,25
23,5/1/18,376,261,22,43,0,3,36
23,6/1/18,336,232,23,39,0,1,31
23,7/1/18,345,240,18,42,0,2,41
23,8/1/18,399,277,30,50,1,2,41
23,9/1/18,322,218,26,34,0,0,33
23,10/1/18,367,250,26,42,0,0,42
23,11/1/18,307,225,16,28,1,5,36
23,12/1/18,262,181,17,29,0,0,37
23,1/1/19,299,188,16,38,0,6,39
23,2/1/19,332,209,23,35,1,2,53
23,3/1/19,282,185,23,24,0,3,24
23,4/1/19,342,212,30,26,0,2,38
23,5/1/19,322,213,13,36,0,3,43
23,6/1/19,322,193,24,36,0,3,42
23,7/1/19,344,220,16,45,0,1,48
23,8/1/19,348,227,17,43,0,5,41
23,9/1/19,328,203,25,36,0,2,41
23,10/1/19,333,215,13,48,0,0,45
23,11/1/19,301,169,19,45,0,0,37
23,12/1/19,321,194,18,50,0,3,33
23,1/1/20,306,207,21,41,0,4,48
23,2/1/20,283,188,15,37,0,3,32
23,3/1/20,298,193,17,50,0,2,44
23,4/1/20,218,150,10,26,0,4,30
23,5/1/20,194,136,9,27,0,1,23
23,6/1/20,258,173,20,40,0,2,35
23,7/1/20,290,186,19,39,1,1,61
23,8/1/20,269,168,10,49,0,4,32
23,9/1/20,297,176,25,43,0,1,33
23,10/1/20,315,188,24,47,0,5,39
23,11/1/20,281,184,21,24,1,5,27
23,12/1/20,245,133,19,33,1,3,32
23,1/1/21,238,152,20,25,0,1,33
23,2/1/21,278,179,17,44,1,6,40
23,3/1/21,230,138,19,27,1,7,38
23,4/1/21,240,133,19,29,0,7,42
23,5/1/21,268,150,33,33,0,5,39
23,6/1/21,289,172,21,37,0,4,47
23,7/1/21,339,212,23,46,0,3,54
23,8/1/21,300,172,19,38,0,1,42
23,9/1/21,337,180,21,42,0,3,49
23,10/1/21,314,181,18,53,0,2,44
23,11/1/21,336,177,13,56,1,4,39
23,12/1/21,285,166,18,23,0,6,48
24,1/1/15,66,44,4,8,0,0,8
24,2/1/15,66,47,8,3,0,0,10
24,3/1/15,87,53,4,11,0,1,9
24,4/1/15,83,53,10,9,0,0,10
24,5/1/15,100,69,9,7,0,0,12
24,6/1/15,102,76,4,5,0,0,11
24,7/1/15,94,66,9,8,1,0,11
24,8/1/15,85,58,4,10,0,1,5
24,9/1/15,71,42,3,12,0,0,7
24,10/1/15,72,50,3,6,0,1,6
24,11/1/15,76,57,0,7,0,0,12
24,12/1/15,63,45,3,8,0,0,7
24,1/1/16,63,44,2,6,0,0,8
24,2/1/16,62,41,6,8,0,0,9
24,3/1/16,101,70,5,10,0,0,11
24,4/1/16,96,71,4,9,0,0,8
24,5/1/16,95,68,7,9,0,1,14
24,6/1/16,95,67,5,14,0,0,9
24,7/1/16,74,53,8,6,0,0,8
24,8/1/16,91,62,4,14,0,0,7
24,9/1/16,82,56,6,9,0,0,4
24,10/1/16,77,54,10,8,0,0,4
24,11/1/16,89,67,7,8,0,0,5
24,12/1/16,80,51,8,5,0,1,6
24,1/1/17,71,44,3,10,0,0,9
24,2/1/17,86,56,8,5,1,1,9
24,3/1/17,108,70,7,14,0,2,11
24,4/1/17,69,47,4,9,0,0,4
24,5/1/17,107,79,5,8,0,0,8
24,6/1/17,105,68,5,12,0,0,10
24,7/1/17,105,66,14,11,0,0,4
24,8/1/17,111,60,10,16,0,1,17
24,9/1/17,107,73,4,13,0,1,8
24,10/1/17,94,59,9,15,0,0,10
24,11/1/17,105,68,6,13,0,0,9
24,12/1/17,111,74,12,7,0,1,10
24,1/1/18,119,73,9,14,0,0,8
24,2/1/18,100,74,7,9,0,0,10
24,3/1/18,113,74,7,13,0,0,17
24,4/1/18,105,77,6,7,0,0,16
24,5/1/18,114,89,5,5,0,0,7
24,6/1/18,109,83,10,5,0,0,5
24,7/1/18,104,63,11,6,0,2,17
24,8/1/18,165,106,18,10,0,0,20
24,9/1/18,120,75,9,10,0,1,9
24,10/1/18,116,76,12,5,0,1,9
24,11/1/18,116,73,10,13,0,0,8
24,12/1/18,117,91,10,4,0,0,3
24,1/1/19,101,74,5,9,0,0,14
24,2/1/19,105,66,9,13,0,0,7
24,3/1/19,85,58,8,7,0,1,8
24,4/1/19,118,75,13,15,0,1,12
24,5/1/19,111,84,6,9,0,0,7
24,6/1/19,113,77,11,8,0,1,11
24,7/1/19,94,67,7,6,0,1,14
24,8/1/19,105,68,8,10,0,1,13
24,9/1/19,103,70,8,8,0,1,17
24,10/1/19,83,50,18,6,0,1,9
24,11/1/19,84,58,4,6,0,0,7
24,12/1/19,126,92,9,11,0,0,8
24,1/1/20,114,85,14,6,0,0,10
24,2/1/20,90,57,6,12,0,0,15
24,3/1/20,117,87,4,15,0,0,11
24,4/1/20,110,85,7,8,0,0,10
24,5/1/20,97,71,4,8,0,0,6
24,6/1/20,88,72,2,6,0,0,9
24,7/1/20,117,90,3,11,0,2,15
24,8/1/20,158,107,16,14,0,1,13
24,9/1/20,124,85,9,18,0,1,13
24,10/1/20,118,89,9,9,0,0,13
24,11/1/20,160,127,5,16,0,0,16
24,12/1/20,124,100,8,7,0,0,8
24,1/1/21,89,62,10,9,0,0,8
24,2/1/21,80,60,5,4,0,1,2
24,3/1/21,123,96,7,13,0,0,13
24,4/1/21,85,52,10,11,0,0,14
24,5/1/21,100,73,8,8,0,0,6
24,6/1/21,89,51,12,9,0,0,11
24,7/1/21,101,73,5,7,0,1,10
24,8/1/21,83,52,7,7,0,0,11
24,9/1/21,75,59,0,4,0,1,9
24,10/1/21,118,61,7,12,1,3,7
24,11/1/21,108,69,3,14,0,0,12
24,12/1/21,113,71,7,10,0,1,9
25,1/1/15,88,48,7,12,0,2,12
25,2/1/15,79,40,4,10,0,0,14
25,3/1/15,110,65,3,11,0,0,15
25,4/1/15,86,35,10,6,0,1,10
25,5/1/15,75,24,10,8,0,0,16
25,6/1/15,109,46,7,5,1,0,14
25,7/1/15,77,23,3,5,0,1,10
25,8/1/15,96,26,9,7,0,0,7
25,9/1/15,103,38,8,5,0,1,9
25,10/1/15,78,22,3,6,0,0,11
25,11/1/15,96,31,4,5,0,0,14
25,12/1/15,74,36,0,3,1,0,5
25,1/1/16,74,51,5,5,0,1,9
25,2/1/16,65,40,1,6,0,2,4
25,3/1/16,91,56,2,7,0,1,12
25,4/1/16,95,63,7,4,0,1,14
25,5/1/16,88,62,2,7,0,1,10
25,6/1/16,94,63,2,3,0,0,9
25,7/1/16,88,59,6,8,0,0,10
25,8/1/16,103,75,4,10,0,2,11
25,9/1/16,97,73,3,10,0,0,12
25,10/1/16,90,60,4,11,0,0,14
25,11/1/16,104,73,8,9,0,0,11
25,12/1/16,74,51,2,4,0,2,10
25,1/1/17,109,64,7,12,0,0,16
25,2/1/17,91,59,5,3,0,2,9
25,3/1/17,93,52,8,13,0,2,18
25,4/1/17,98,68,7,10,0,1,15
25,5/1/17,110,61,9,17,0,0,21
25,6/1/17,90,51,2,15,0,0,5
25,7/1/17,84,52,0,9,0,2,12
25,8/1/17,90,43,9,9,0,0,10
25,9/1/17,91,55,6,10,0,0,10
25,10/1/17,100,65,3,16,0,1,10
25,11/1/17,99,55,3,11,0,1,10
25,12/1/17,99,54,5,8,0,1,13
25,1/1/18,97,63,3,12,0,2,8
25,2/1/18,78,46,5,6,0,0,14
25,3/1/18,132,79,11,19,0,0,13
25,4/1/18,110,69,7,7,0,1,12
25,5/1/18,97,63,7,10,0,0,18
25,6/1/18,114,73,5,12,0,0,14
25,7/1/18,113,66,6,8,0,0,6
25,8/1/18,126,72,9,10,1,0,20
25,9/1/18,118,62,8,15,0,1,12
25,10/1/18,124,70,9,14,0,1,8
25,11/1/18,99,57,8,7,0,0,11
25,12/1/18,112,73,5,6,0,1,11
25,1/1/19,101,62,7,5,0,0,6
25,2/1/19,111,74,10,4,0,2,16
25,3/1/19,87,54,8,8,0,0,4
25,4/1/19,125,79,4,10,1,1,20
25,5/1/19,118,71,5,15,0,1,13
25,6/1/19,85,44,5,10,0,0,12
25,7/1/19,110,66,10,10,0,0,13
25,8/1/19,112,61,3,11,0,1,15
25,9/1/19,101,58,2,9,0,0,14
25,10/1/19,92,59,3,9,0,1,12
25,11/1/19,103,62,6,8,0,0,12
25,12/1/19,92,56,8,3,1,0,6
25,1/1/20,96,60,7,5,0,0,17
25,2/1/20,105,65,8,10,1,1,11
25,3/1/20,127,71,13,8,0,1,9
25,4/1/20,78,41,7,6,0,1,6
25,5/1/20,63,41,4,6,0,0,5
25,6/1/20,70,43,2,8,0,1,13
25,7/1/20,84,49,5,11,0,1,10
25,8/1/20,85,57,5,10,0,0,11
25,9/1/20,90,54,4,12,0,0,17
25,10/1/20,128,76,8,10,0,2,16
25,11/1/20,77,39,5,12,0,0,17
25,12/1/20,97,63,7,9,1,1,12
25,1/1/21,103,58,7,12,0,1,23
25,2/1/21,82,54,4,8,0,0,14
25,3/1/21,105,54,16,7,0,0,13
25,4/1/21,88,50,6,8,0,0,14
25,5/1/21,109,74,10,6,0,2,10
25,6/1/21,84,49,8,7,0,0,13
25,7/1/21,108,72,13,5,0,1,17
25,8/1/21,105,66,9,9,0,1,22
25,9/1/21,82,47,4,8,0,2,13
25,10/1/21,113,56,6,19,0,0,14
25,11/1/21,111,66,4,7,0,1,11
25,12/1/21,117,67,9,15,0,2,10
26,1/1/15,385,253,39,42,2,0,25
26,2/1/15,316,211,37,33,0,5,23
26,3/1/15,454,318,37,39,0,5,43
26,4/1/15,394,260,36,38,0,1,25
26,5/1/15,399,288,29,28,1,4,52
26,6/1/15,348,232,34,35,0,3,34
26,7/1/15,410,263,38,41,1,0,31
26,8/1/15,432,284,54,32,1,5,48
26,9/1/15,429,292,35,48,0,2,31
26,10/1/15,466,324,36,45,1,5,33
26,11/1/15,386,271,35,39,0,1,46
26,12/1/15,372,264,29,27,1,2,33
26,1/1/16,382,267,39,25,0,5,29
26,2/1/16,395,270,33,37,0,2,33
26,3/1/16,439,308,39,29,1,3,42
26,4/1/16,398,273,36,36,1,5,52
26,5/1/16,401,271,39,42,0,4,38
26,6/1/16,420,302,35,35,0,4,45
26,7/1/16,410,283,32,35,1,1,39
26,8/1/16,406,273,34,40,3,3,38
26,9/1/16,363,248,29,33,0,5,31
26,10/1/16,343,239,30,31,0,6,34
26,11/1/16,359,242,31,35,1,1,31
26,12/1/16,345,241,27,26,0,1,37
26,1/1/17,443,286,38,43,1,3,28
26,2/1/17,387,274,28,43,0,1,33
26,3/1/17,503,366,33,53,1,3,40
26,4/1/17,366,251,33,28,1,0,34
26,5/1/17,478,338,40,47,0,2,37
26,6/1/17,414,286,38,40,0,3,35
26,7/1/17,415,265,47,47,1,6,35
26,8/1/17,482,334,41,53,2,1,38
26,9/1/17,394,263,29,49,1,2,35
26,10/1/17,433,306,32,45,0,2,43
26,11/1/17,390,279,23,41,0,2,43
26,12/1/17,383,276,26,32,0,2,41
26,1/1/18,427,285,28,47,0,4,31
26,2/1/18,384,252,33,44,0,2,34
26,3/1/18,425,278,33,43,0,6,32
26,4/1/18,477,330,45,47,0,5,33
26,5/1/18,424,291,31,41,0,1,35
26,6/1/18,406,268,33,46,0,3,32
26,7/1/18,442,292,31,50,0,1,45
26,8/1/18,475,332,40,44,1,2,43
26,9/1/18,407,286,28,40,1,2,40
26,10/1/18,458,332,35,39,0,0,45
26,11/1/18,393,268,35,41,0,2,42
26,12/1/18,358,243,39,35,1,0,47
26,1/1/19,447,331,34,43,0,2,43
26,2/1/19,435,304,34,40,0,2,43
26,3/1/19,349,242,27,31,0,3,46
26,4/1/19,452,342,26,28,1,2,35
26,5/1/19,436,303,31,35,1,3,56
26,6/1/19,406,264,35,43,1,1,37
26,7/1/19,437,308,32,33,0,0,47
26,8/1/19,449,303,36,53,0,3,50
26,9/1/19,448,298,33,43,1,2,41
26,10/1/19,480,317,39,48,0,1,49
26,11/1/19,428,277,32,51,1,5,40
26,12/1/19,410,267,35,48,0,2,41
26,1/1/20,469,322,32,49,1,1,71
26,2/1/20,404,287,31,31,1,2,53
26,3/1/20,444,309,47,30,0,0,69
26,4/1/20,355,235,31,42,1,2,49
26,5/1/20,275,179,31,23,0,2,39
26,6/1/20,319,209,28,39,1,2,43
26,7/1/20,402,270,28,50,0,2,47
26,8/1/20,365,251,26,38,1,2,47
26,9/1/20,427,272,40,55,1,3,48
26,10/1/20,374,251,26,45,1,2,57
26,11/1/20,375,248,28,37,1,3,51
26,12/1/20,336,227,31,27,0,1,47
26,1/1/21,387,255,33,39,3,3,46
26,2/1/21,385,262,27,42,1,2,50
26,3/1/21,445,288,34,49,0,2,52
26,4/1/21,396,271,28,37,1,1,57
26,5/1/21,355,220,35,42,1,3,40
26,6/1/21,411,244,33,50,1,4,53
26,7/1/21,432,284,31,49,1,3,79
26,8/1/21,473,311,31,44,1,2,81
26,9/1/21,431,264,36,52,0,0,53
26,10/1/21,467,283,47,46,0,3,68
26,11/1/21,416,253,34,30,0,0,63
26,12/1/21,447,285,22,43,1,1,72
27,1/1/15,86,59,4,10,0,3,5
27,2/1/15,75,52,8,7,0,1,4
27,3/1/15,86,69,5,4,0,0,4
27,4/1/15,71,52,4,6,0,1,13
27,5/1/15,103,62,14,10,0,0,10
27,6/1/15,85,60,3,8,0,3,8
27,7/1/15,82,56,6,5,0,1,7
27,8/1/15,78,52,6,7,0,1,11
27,9/1/15,72,51,4,8,0,0,6
27,10/1/15,79,48,4,12,0,0,7
27,11/1/15,62,41,2,9,0,0,6
27,12/1/15,62,42,2,6,0,1,4
27,1/1/16,95,59,6,8,1,0,13
27,2/1/16,71,45,5,10,0,1,6
27,3/1/16,79,53,0,8,0,3,3
27,4/1/16,89,58,8,4,0,1,8
27,5/1/16,89,64,5,7,0,1,8
27,6/1/16,82,53,1,10,1,0,10
27,7/1/16,107,70,6,11,0,2,14
27,8/1/16,81,51,6,7,0,2,10
27,9/1/16,81,57,3,9,0,1,13
27,10/1/16,84,46,8,12,0,1,6
27,11/1/16,85,59,5,10,0,3,11
27,12/1/16,102,65,11,7,0,1,9
27,1/1/17,87,56,3,5,0,4,9
27,2/1/17,91,57,4,13,0,0,8
27,3/1/17,105,72,4,10,0,2,13
27,4/1/17,66,31,4,13,1,0,14
27,5/1/17,105,66,5,11,0,3,9
27,6/1/17,68,38,4,6,1,0,9
27,7/1/17,79,47,5,13,0,0,17
27,8/1/17,112,77,5,6,0,0,9
27,9/1/17,101,63,3,10,0,2,17
27,10/1/17,90,49,5,10,0,2,9
27,11/1/17,82,51,5,7,0,3,9
27,12/1/17,82,50,4,5,0,3,8
27,1/1/18,110,65,10,6,0,3,11
27,2/1/18,68,43,5,3,0,0,12
27,3/1/18,82,57,7,9,0,1,14
27,4/1/18,124,76,10,13,1,1,11
27,5/1/18,95,65,3,8,0,0,10
27,6/1/18,81,52,8,3,1,0,9
27,7/1/18,94,57,5,9,0,0,4
27,8/1/18,104,70,11,7,0,1,9
27,9/1/18,83,52,6,5,0,2,13
27,10/1/18,98,67,4,7,0,1,9
27,11/1/18,120,74,4,9,1,1,13
27,12/1/18,86,61,6,11,0,0,10
27,1/1/19,86,60,6,10,0,0,16
27,2/1/19,96,63,5,10,0,0,14
27,3/1/19,84,45,8,11,0,0,14
27,4/1/19,109,73,7,5,0,0,17
27,5/1/19,89,62,3,13,0,0,21
27,6/1/19,71,44,2,4,0,1,9
27,7/1/19,93,55,4,7,0,0,8
27,8/1/19,74,49,3,6,0,1,15
27,9/1/19,69,43,5,3,0,1,11
27,10/1/19,102,64,9,5,0,0,12
27,11/1/19,87,57,5,4,0,0,8
27,12/1/19,93,50,9,13,0,0,10
27,1/1/20,96,62,10,9,0,0,14
27,2/1/20,79,52,10,4,0,0,17
27,3/1/20,96,56,8,7,0,0,16
27,4/1/20,48,27,2,7,0,1,2
27,5/1/20,42,29,3,6,0,0,8
27,6/1/20,59,43,6,3,0,0,6
27,7/1/20,71,48,4,8,0,0,12
27,8/1/20,85,54,7,12,0,1,11
27,9/1/20,71,40,3,13,0,1,18
27,10/1/20,64,40,3,9,0,0,15
27,11/1/20,87,53,6,14,0,1,9
27,12/1/20,66,34,4,11,0,2,9
27,1/1/21,72,47,3,9,0,0,12
27,2/1/21,67,42,6,6,0,1,15
27,3/1/21,79,49,9,8,0,0,15
27,4/1/21,83,52,6,10,0,0,8
27,5/1/21,69,42,6,5,0,0,10
27,6/1/21,76,43,3,8,0,1,12
27,7/1/21,77,41,3,12,0,1,12
27,8/1/21,73,49,7,3,0,0,12
27,9/1/21,70,42,7,5,0,0,11
27,10/1/21,82,38,6,10,0,0,14
27,11/1/21,89,45,6,8,0,1,11
27,12/1/21,80,42,4,10,0,0,12
28,1/1/15,63,43,5,8,0,2,6
28,2/1/15,38,29,3,5,0,0,3
28,3/1/15,61,53,4,2,0,0,6
28,4/1/15,52,39,3,6,0,0,6
28,5/1/15,60,40,8,7,0,0,9
28,6/1/15,48,31,3,10,0,0,5
28,7/1/15,71,53,6,9,0,1,7
28,8/1/15,55,39,7,6,0,1,6
28,9/1/15,59,38,3,11,0,4,8
28,10/1/15,48,40,1,5,0,1,2
28,11/1/15,57,42,5,7,0,0,10
28,12/1/15,53,37,5,6,0,0,4
28,1/1/16,52,34,4,8,0,0,2
28,2/1/16,58,40,4,8,0,1,2
28,3/1/16,70,52,1,13,0,0,8
28,4/1/16,64,47,3,7,0,0,11
28,5/1/16,60,46,3,4,0,0,8
28,6/1/16,44,32,2,5,0,0,7
28,7/1/16,50,31,5,7,1,0,8
28,8/1/16,66,38,5,12,0,1,8
28,9/1/16,71,50,5,10,0,0,6
28,10/1/16,67,49,3,6,0,0,3
28,11/1/16,53,38,1,5,0,1,5
28,12/1/16,44,26,6,5,0,1,4
28,1/1/17,64,43,3,13,0,0,4
28,2/1/17,55,35,3,8,0,0,10
28,3/1/17,74,58,5,5,0,1,1
28,4/1/17,63,35,4,15,0,1,6
28,5/1/17,63,49,1,7,0,0,3
28,6/1/17,49,37,0,7,0,2,8
28,7/1/17,65,49,2,7,0,0,4
28,8/1/17,72,54,6,7,0,0,4
28,9/1/17,49,36,3,5,0,0,8
28,10/1/17,70,49,3,10,0,1,6
28,11/1/17,65,43,5,8,0,1,8
28,12/1/17,57,39,4,8,0,0,4
28,1/1/18,75,61,6,3,0,1,3
28,2/1/18,62,43,3,12,0,0,9
28,3/1/18,79,64,4,4,0,1,4
28,4/1/18,58,41,2,11,0,1,7
28,5/1/18,84,63,5,14,0,0,7
28,6/1/18,60,45,0,5,0,0,8
28,7/1/18,97,72,6,15,0,0,7
28,8/1/18,63,43,6,11,0,0,9
28,9/1/18,67,48,4,11,0,0,6
28,10/1/18,89,65,5,10,0,1,6
28,11/1/18,75,54,4,11,0,0,8
28,12/1/18,54,35,5,7,0,0,12
28,1/1/19,84,71,2,4,0,0,13
28,2/1/19,76,62,2,6,0,2,5
28,3/1/19,60,48,1,4,0,0,9
28,4/1/19,87,69,1,13,0,0,9
28,5/1/19,84,59,4,15,0,0,11
28,6/1/19,67,51,4,8,0,0,7
28,7/1/19,73,59,4,7,0,0,6
28,8/1/19,90,70,3,12,0,1,10
28,9/1/19,69,59,5,3,0,0,4
28,10/1/19,72,58,2,4,0,1,6
28,11/1/19,67,48,3,9,0,0,2
28,12/1/19,68,50,2,7,0,0,6
28,1/1/20,86,64,5,9,0,0,6
28,2/1/20,64,46,9,5,0,0,10
28,3/1/20,57,44,3,5,0,0,9
28,4/1/20,48,36,4,6,0,0,5
28,5/1/20,78,56,3,10,0,0,11
28,6/1/20,43,32,2,6,0,0,5
28,7/1/20,55,46,1,4,0,0,5
28,8/1/20,53,41,4,4,0,1,7
28,9/1/20,65,52,3,7,1,0,8
28,10/1/20,73,62,2,5,0,0,8
28,11/1/20,80,60,6,6,0,0,8
28,12/1/20,58,41,3,7,0,0,5
28,1/1/21,66,49,5,7,0,0,7
28,2/1/21,65,47,7,6,0,0,4
28,3/1/21,65,45,3,8,0,0,6
28,4/1/21,51,42,2,2,0,0,13
28,5/1/21,62,47,2,6,0,0,6
28,6/1/21,64,46,3,10,0,0,10
28,7/1/21,81,57,6,5,0,0,7
28,8/1/21,46,31,5,7,0,0,5
28,9/1/21,64,44,3,7,0,0,8
28,10/1/21,61,41,4,8,0,0,7
28,11/1/21,78,49,8,9,0,0,4
28,12/1/21,73,50,5,8,0,1,6
29,1/1/15,386,247,41,31,0,8,15
29,2/1/15,363,254,31,24,0,2,13
29,3/1/15,473,338,35,37,0,9,30
29,4/1/15,359,250,25,36,0,2,21
29,5/1/15,343,233,30,32,0,0,23
29,6/1/15,345,242,25,19,0,4,30
29,7/1/15,432,288,37,43,0,1,32
29,8/1/15,438,319,39,31,0,4,28
29,9/1/15,395,271,47,32,1,2,30
29,10/1/15,405,267,27,33,0,3,25
29,11/1/15,371,265,19,32,1,3,22
29,12/1/15,376,282,21,28,1,1,28
29,1/1/16,416,295,18,50,0,1,25
29,2/1/16,348,255,26,24,0,2,20
29,3/1/16,438,280,38,41,0,3,27
29,4/1/16,397,274,26,31,1,8,26
29,5/1/16,382,273,28,37,0,2,26
29,6/1/16,392,264,29,39,1,2,23
29,7/1/16,399,266,28,39,0,5,24
29,8/1/16,406,269,25,48,2,4,29
29,9/1/16,395,246,29,38,1,0,24
29,10/1/16,325,226,16,37,1,1,19
29,11/1/16,377,262,32,32,0,3,24
29,12/1/16,351,242,27,37,0,3,20
29,1/1/17,388,281,22,27,0,2,28
29,2/1/17,393,272,21,38,0,3,21
29,3/1/17,461,332,25,35,1,2,29
29,4/1/17,368,261,27,40,0,1,26
29,5/1/17,414,271,35,35,0,3,34
29,6/1/17,331,230,31,24,0,2,18
29,7/1/17,369,230,44,37,0,8,29
29,8/1/17,427,304,28,38,0,4,37
29,9/1/17,377,265,29,26,0,0,31
29,10/1/17,429,304,26,47,0,5,29
29,11/1/17,419,288,30,46,0,4,32
29,12/1/17,348,227,22,34,0,3,26
29,1/1/18,444,301,43,43,0,3,32
29,2/1/18,377,255,32,21,0,2,23
29,3/1/18,405,281,25,36,1,3,35
29,4/1/18,426,302,28,37,0,3,29
29,5/1/18,440,308,29,40,1,2,26
29,6/1/18,353,242,27,34,0,5,23
29,7/1/18,428,297,31,31,1,8,28
29,8/1/18,440,302,29,34,1,3,35
29,9/1/18,364,232,26,34,0,0,35
29,10/1/18,410,277,21,42,0,4,41
29,11/1/18,401,258,24,31,0,5,35
29,12/1/18,393,247,25,48,0,3,39
29,1/1/19,438,292,26,34,0,0,46
29,2/1/19,385,266,27,30,1,3,30
29,3/1/19,382,252,28,26,2,0,26
29,4/1/19,458,293,40,51,0,3,28
29,5/1/19,392,238,34,47,0,1,42
29,6/1/19,356,221,24,32,1,7,27
29,7/1/19,437,276,28,34,2,2,33
29,8/1/19,379,247,25,33,0,2,47
29,9/1/19,413,258,38,37,2,2,36
29,10/1/19,479,300,32,46,0,0,40
29,11/1/19,388,251,20,28,1,2,23
29,12/1/19,355,224,30,29,1,2,27
29,1/1/20,387,234,28,29,0,0,34
29,2/1/20,380,259,28,27,0,1,30
29,3/1/20,428,270,31,56,0,4,51
29,4/1/20,288,178,18,30,0,2,29
29,5/1/20,233,141,22,14,0,1,23
29,6/1/20,284,172,18,29,0,3,29
29,7/1/20,311,198,22,25,1,2,43
29,8/1/20,304,179,21,25,0,4,28
29,9/1/20,339,203,31,31,0,0,35
29,10/1/20,311,186,24,35,0,1,25
29,11/1/20,358,215,23,22,0,1,46
29,12/1/20,353,195,23,46,1,3,25
29,1/1/21,338,212,26,33,0,3,34
29,2/1/21,353,211,24,35,1,3,23
29,3/1/21,385,247,25,29,0,2,36
29,4/1/21,306,171,27,35,0,4,34
29,5/1/21,345,218,32,23,0,3,28
29,6/1/21,311,177,30,37,0,2,33
29,7/1/21,345,191,44,29,0,3,44
29,8/1/21,415,227,33,31,0,4,43
29,9/1/21,407,241,31,27,1,2,38
29,10/1/21,417,232,41,37,0,2,32
29,11/1/21,391,214,32,41,0,2,34
29,12/1/21,362,195,29,33,0,3,36
31,1/1/15,294,203,40,29,0,0,24
31,2/1/15,279,183,36,31,0,3,19
31,3/1/15,310,204,41,36,0,2,32
31,4/1/15,324,229,35,26,1,3,21
31,5/1/15,273,185,33,28,0,4,16
31,6/1/15,290,194,37,31,0,2,31
31,7/1/15,314,222,35,26,0,1,27
31,8/1/15,301,210,24,34,0,1,29
31,9/1/15,305,217,35,29,1,2,29
31,10/1/15,301,212,32,21,0,1,17
31,11/1/15,324,243,30,27,0,3,19
31,12/1/15,310,222,33,28,0,3,20
31,1/1/16,293,223,30,23,0,4,24
31,2/1/16,284,195,36,29,1,3,18
31,3/1/16,318,235,34,28,1,0,23
31,4/1/16,307,218,43,22,0,2,27
31,5/1/16,325,232,42,23,0,0,29
31,6/1/16,339,239,40,31,0,2,31
31,7/1/16,278,206,26,19,0,3,29
31,8/1/16,307,212,32,30,0,2,32
31,9/1/16,297,211,33,26,1,1,28
31,10/1/16,319,222,36,28,0,4,24
31,11/1/16,286,209,22,27,0,1,14
31,12/1/16,258,198,12,17,0,3,27
31,1/1/17,302,220,28,26,1,2,23
31,2/1/17,310,216,38,30,1,2,24
31,3/1/17,371,274,37,31,0,2,17
31,4/1/17,290,209,26,27,0,4,19
31,5/1/17,310,222,28,39,0,3,24
31,6/1/17,276,204,25,27,0,1,27
31,7/1/17,282,200,36,23,0,3,23
31,8/1/17,311,221,38,29,1,2,18
31,9/1/17,300,223,22,36,0,1,19
31,10/1/17,310,219,36,28,0,2,21
31,11/1/17,322,229,40,29,0,2,27
31,12/1/17,277,199,25,19,2,5,17
31,1/1/18,322,232,41,26,0,1,23
31,2/1/18,288,215,32,24,0,4,18
31,3/1/18,347,250,37,27,0,8,34
31,4/1/18,319,244,29,27,0,2,33
31,5/1/18,325,243,30,29,1,1,16
31,6/1/18,308,227,33,26,1,1,24
31,7/1/18,284,207,27,25,0,3,23
31,8/1/18,346,249,35,32,0,2,24
31,9/1/18,314,215,31,29,0,4,25
31,10/1/18,375,254,36,35,1,3,18
31,11/1/18,310,232,19,27,0,3,12
31,12/1/18,265,189,22,22,0,2,20
31,1/1/19,314,233,22,26,0,1,18
31,2/1/19,313,216,37,29,0,1,27
31,3/1/19,321,237,25,29,0,3,22
31,4/1/19,339,236,38,25,0,1,19
31,5/1/19,331,240,19,40,0,2,27
31,6/1/19,312,211,36,29,1,2,21
31,7/1/19,293,222,23,20,1,1,24
31,8/1/19,354,246,42,24,1,1,22
31,9/1/19,343,248,21,36,0,1,30
31,10/1/19,365,259,36,33,0,3,36
31,11/1/19,315,223,22,33,0,4,37
31,12/1/19,271,198,25,23,0,2,31
31,1/1/20,375,240,41,44,0,3,35
31,2/1/20,333,225,41,26,0,2,29
31,3/1/20,322,221,31,37,0,0,28
31,4/1/20,258,170,32,30,0,1,29
31,5/1/20,268,174,30,33,3,1,26
31,6/1/20,287,195,36,29,0,0,34
31,7/1/20,272,172,30,30,0,1,19
31,8/1/20,283,196,30,31,0,1,24
31,9/1/20,264,185,29,22,0,0,31
31,10/1/20,265,192,22,28,1,2,36
31,11/1/20,261,177,35,24,0,1,29
31,12/1/20,263,186,20,28,0,0,20
31,1/1/21,249,166,22,31,0,3,23
31,2/1/21,262,163,34,40,0,3,32
31,3/1/21,274,193,23,31,0,2,35
31,4/1/21,229,151,28,29,0,2,27
31,5/1/21,250,170,30,23,0,1,35
31,6/1/21,262,173,32,36,1,2,35
31,7/1/21,308,196,36,34,0,5,37
31,8/1/21,322,214,25,42,0,5,38
31,9/1/21,353,228,36,47,0,3,31
31,10/1/21,301,190,31,39,0,5,32
31,11/1/21,327,201,37,32,0,5,26
31,12/1/21,309,198,29,40,1,1,26
32,1/1/15,109,85,5,9,0,0,7
32,2/1/15,74,61,7,5,0,0,5
32,3/1/15,117,88,7,16,0,1,9
32,4/1/15,94,75,6,5,0,0,4
32,5/1/15,100,79,7,7,0,0,4
32,6/1/15,94,76,6,5,0,1,7
32,7/1/15,111,97,5,7,0,0,8
32,8/1/15,97,83,5,6,0,0,6
32,9/1/15,107,79,9,12,0,2,11
32,10/1/15,107,83,14,3,0,1,5
32,11/1/15,133,112,10,6,1,0,7
32,12/1/15,97,77,4,7,0,1,6
32,1/1/16,90,73,7,8,0,0,4
32,2/1/16,103,79,6,14,0,0,3
32,3/1/16,112,90,9,8,0,1,6
32,4/1/16,105,82,10,7,0,0,5
32,5/1/16,77,57,6,8,0,1,2
32,6/1/16,100,82,5,9,0,1,2
32,7/1/16,97,80,6,6,0,1,5
32,8/1/16,94,72,7,14,0,1,9
32,9/1/16,84,70,5,5,0,0,7
32,10/1/16,82,58,7,8,1,0,7
32,11/1/16,88,70,4,7,0,0,3
32,12/1/16,87,66,10,4,0,1,3
32,1/1/17,103,76,11,9,0,0,6
32,2/1/17,69,61,4,1,0,0,5
32,3/1/17,114,88,9,9,0,0,10
32,4/1/17,103,77,9,7,0,2,1
32,5/1/17,116,94,8,7,0,0,8
32,6/1/17,114,91,5,9,0,2,3
32,7/1/17,90,72,4,7,0,1,6
32,8/1/17,90,64,11,6,0,1,6
32,9/1/17,95,71,6,12,0,0,4
32,10/1/17,121,94,9,11,0,0,3
32,11/1/17,101,77,6,13,0,0,7
32,12/1/17,94,66,6,7,0,1,5
32,1/1/18,132,99,10,14,0,1,9
32,2/1/18,98,75,9,9,0,0,10
32,3/1/18,120,94,5,13,1,0,8
32,4/1/18,114,87,10,7,0,0,8
32,5/1/18,91,67,4,10,0,1,12
32,6/1/18,97,69,9,11,0,1,12
32,7/1/18,122,95,9,11,0,0,8
32,8/1/18,114,86,9,13,0,0,9
32,9/1/18,102,81,2,10,0,2,10
32,10/1/18,128,94,5,12,0,1,14
32,11/1/18,93,72,8,7,0,0,12
32,12/1/18,90,57,13,10,0,1,6
32,1/1/19,116,78,12,15,0,0,10
32,2/1/19,95,68,10,9,0,0,10
32,3/1/19,92,69,2,9,0,1,10
32,4/1/19,96,68,9,10,0,0,11
32,5/1/19,129,92,10,12,0,0,12
32,6/1/19,110,80,9,9,0,0,15
32,7/1/19,106,69,5,17,1,1,8
32,8/1/19,123,82,6,20,0,0,10
32,9/1/19,104,66,6,14,0,0,10
32,10/1/19,105,71,7,12,0,2,10
32,11/1/19,100,73,6,8,0,2,11
32,12/1/19,96,64,11,11,0,0,6
32,1/1/20,104,69,4,15,0,0,7
32,2/1/20,112,84,5,8,0,0,15
32,3/1/20,106,68,2,14,0,0,25
32,4/1/20,86,52,5,7,0,0,12
32,5/1/20,75,55,5,4,0,0,7
32,6/1/20,113,72,10,8,0,0,13
32,7/1/20,114,71,5,14,0,0,14
32,8/1/20,100,55,10,9,0,0,11
32,9/1/20,129,74,10,23,0,0,13
32,10/1/20,120,64,3,13,0,1,11
32,11/1/20,133,61,10,21,0,0,15
32,12/1/20,93,58,9,6,0,0,10
32,1/1/21,114,63,9,13,0,0,19
32,2/1/21,92,55,9,8,0,0,19
32,3/1/21,102,49,7,13,0,0,14
32,4/1/21,107,45,10,15,0,0,20
32,5/1/21,115,55,10,13,0,0,17
32,6/1/21,142,63,13,17,0,1,12
32,7/1/21,115,51,6,13,0,1,14
32,8/1/21,137,57,11,14,0,0,13
32,9/1/21,121,56,3,14,0,0,17
32,10/1/21,132,63,9,16,0,0,14
32,11/1/21,121,67,8,11,0,0,19
32,12/1/21,124,61,10,10,0,0,22
33,1/1/15,1060,591,88,123,0,22,113
33,2/1/15,845,502,57,85,2,14,91
33,3/1/15,1110,707,66,132,3,14,121
33,4/1/15,876,608,57,87,2,17,84
33,5/1/15,918,640,71,98,4,11,103
33,6/1/15,969,657,60,114,0,15,86
33,7/1/15,999,712,57,129,2,11,117
33,8/1/15,986,687,65,118,1,21,99
33,9/1/15,973,679,67,118,1,17,90
33,10/1/15,1012,691,71,121,0,14,98
33,11/1/15,1009,712,53,123,2,8,102
33,12/1/15,914,649,58,109,2,14,87
33,1/1/16,1014,705,81,134,0,10,101
33,2/1/16,980,716,57,120,3,15,104
33,3/1/16,1101,773,70,122,5,23,90
33,4/1/16,1010,723,60,116,1,7,113
33,5/1/16,1036,716,70,150,2,12,96
33,6/1/16,1066,745,62,141,1,10,111
33,7/1/16,974,643,68,136,2,12,82
33,8/1/16,1042,714,56,147,0,9,105
33,9/1/16,999,682,64,132,3,10,95
33,10/1/16,873,598,44,114,2,12,83
33,11/1/16,934,662,57,114,3,14,88
33,12/1/16,906,603,73,119,2,7,82
33,1/1/17,1043,740,77,126,1,12,76
33,2/1/17,948,696,49,113,1,11,79
33,3/1/17,1190,834,75,160,1,17,102
33,4/1/17,899,613,63,104,0,19,76
33,5/1/17,1119,779,68,154,1,12,84
33,6/1/17,1043,710,78,139,0,8,74
33,7/1/17,984,639,62,160,4,9,86
33,8/1/17,1062,684,70,166,1,9,86
33,9/1/17,1036,697,60,151,1,12,79
33,10/1/17,1091,727,71,140,0,18,68
33,11/1/17,985,628,71,161,0,17,80
33,12/1/17,986,655,64,134,0,19,83
33,1/1/18,1175,754,83,217,0,18,106
33,2/1/18,944,632,74,135,4,12,71
33,3/1/18,1200,781,85,192,3,10,108
33,4/1/18,1174,790,85,170,3,9,86
33,5/1/18,1105,739,67,168,3,11,80
33,6/1/18,1009,669,65,152,0,12,101
33,7/1/18,1201,802,60,201,3,13,94
33,8/1/18,1318,889,82,205,0,18,131
33,9/1/18,1032,684,60,162,0,10,89
33,10/1/18,1228,805,81,208,3,19,107
33,11/1/18,970,644,60,154,1,12,77
33,12/1/18,912,599,56,136,1,17,77
33,1/1/19,1198,842,63,211,2,10,134
33,2/1/19,1074,744,65,174,2,17,110
33,3/1/19,1015,661,66,184,0,4,108
33,4/1/19,1040,701,64,184,0,11,88
33,5/1/19,1166,785,72,192,1,17,132
33,6/1/19,1059,684,77,192,6,12,113
33,7/1/19,1195,768,68,207,1,13,134
33,8/1/19,1083,699,69,187,3,12,99
33,9/1/19,1121,740,61,171,1,19,113
33,10/1/19,1170,775,67,207,0,8,120
33,11/1/19,1022,694,50,171,2,8,110
33,12/1/19,971,655,61,143,1,15,99
33,1/1/20,1212,786,71,198,2,14,141
33,2/1/20,958,629,55,154,1,13,103
33,3/1/20,1155,783,73,166,1,14,161
33,4/1/20,776,517,55,114,2,6,104
33,5/1/20,732,477,58,118,1,7,105
33,6/1/20,879,528,72,122,1,6,135
33,7/1/20,1064,643,78,204,2,8,133
33,8/1/20,985,633,64,145,2,12,145
33,9/1/20,1049,664,58,169,2,13,127
33,10/1/20,1103,679,77,181,0,9,139
33,11/1/20,936,550,64,180,2,7,121
33,12/1/20,909,584,57,128,0,5,99
33,1/1/21,962,659,52,134,1,7,122
33,2/1/21,924,596,60,139,3,10,125
33,3/1/21,1123,696,84,174,0,11,182
33,4/1/21,962,619,62,147,0,5,127
33,5/1/21,957,652,59,111,0,9,168
33,6/1/21,982,619,63,141,1,8,148
33,7/1/21,1139,701,93,159,1,10,138
33,8/1/21,1142,692,68,184,0,10,155
33,9/1/21,1164,711,68,171,0,11,148
33,10/1/21,1092,648,66,159,0,11,146
33,11/1/21,1182,637,92,181,1,11,153
33,12/1/21,1231,637,93,152,1,11,192
35,1/1/15,1475,1201,91,143,0,14,127
35,2/1/15,1367,1109,98,128,0,12,128
35,3/1/15,1676,1340,122,175,0,12,157
35,4/1/15,1506,1246,88,138,0,15,113
35,5/1/15,1452,1173,108,139,0,9,136
35,6/1/15,1473,1213,97,138,0,7,129
35,7/1/15,1592,1278,114,149,0,15,134
35,8/1/15,1656,1301,126,179,0,9,96
35,9/1/15,1625,1299,114,165,0,6,121
35,10/1/15,1656,1330,119,163,0,11,104
35,11/1/15,1616,1299,106,162,0,10,117
35,12/1/15,1589,1255,108,173,0,9,105
35,1/1/16,1554,1254,114,161,0,8,137
35,2/1/16,1490,1187,117,153,0,9,126
35,3/1/16,1782,1490,104,158,0,13,159
35,4/1/16,1583,1322,96,141,0,6,124
35,5/1/16,1525,1265,100,139,0,1,109
35,6/1/16,1547,1223,121,167,0,10,134
35,7/1/16,1508,1228,87,161,0,13,109
35,8/1/16,1742,1421,104,164,0,16,141
35,9/1/16,1468,1172,106,155,0,4,112
35,10/1/16,1516,1231,112,139,0,9,114
35,11/1/16,1624,1345,82,163,0,10,117
35,12/1/16,1496,1202,108,147,0,9,86
35,1/1/17,1633,1297,112,191,0,14,130
35,2/1/17,1488,1194,103,156,0,18,102
35,3/1/17,2088,1724,115,215,0,15,144
35,4/1/17,1435,1167,88,151,0,13,92
35,5/1/17,1720,1377,124,189,0,14,113
35,6/1/17,1620,1298,124,169,0,8,124
35,7/1/17,1544,1236,109,166,0,10,126
35,8/1/17,1783,1429,120,205,0,7,148
35,9/1/17,1728,1369,124,203,0,13,127
35,10/1/17,1823,1464,109,205,0,15,116
35,11/1/17,1752,1394,92,212,0,10,118
35,12/1/17,1556,1260,95,152,0,12,94
35,1/1/18,1718,1371,96,209,0,13,136
35,2/1/18,1555,1253,111,156,0,9,112
35,3/1/18,1731,1381,102,201,0,18,149
35,4/1/18,1716,1382,100,196,0,11,124
35,5/1/18,1665,1339,100,185,0,5,138
35,6/1/18,1751,1373,120,217,0,8,126
35,7/1/18,1725,1353,115,211,0,11,135
35,8/1/18,1911,1485,141,233,0,8,155
35,9/1/18,1643,1308,113,182,0,3,129
35,10/1/18,1857,1477,108,221,0,12,144
35,11/1/18,1705,1348,107,178,0,12,132
35,12/1/18,1536,1200,109,169,0,12,111
35,1/1/19,1788,1406,111,213,0,12,146
35,2/1/19,1595,1301,99,143,0,10,125
35,3/1/19,1734,1331,125,227,0,13,140
35,4/1/19,1683,1303,110,207,0,14,139
35,5/1/19,1684,1263,118,242,0,12,133
35,6/1/19,1459,1139,93,185,0,8,143
35,7/1/19,1749,1332,129,231,0,9,158
35,8/1/19,1714,1349,104,202,0,12,138
35,9/1/19,1832,1409,112,234,0,12,127
35,10/1/19,1838,1410,125,231,0,11,151
35,11/1/19,1593,1222,109,202,0,13,102
35,12/1/19,1581,1217,101,197,0,9,119
35,1/1/20,1866,1410,147,244,0,9,162
35,2/1/20,1532,1170,113,207,0,9,131
35,3/1/20,1843,1426,121,234,0,8,164
35,4/1/20,1266,935,113,180,0,2,131
35,5/1/20,1160,878,106,143,0,6,108
35,6/1/20,1305,977,109,176,0,11,138
35,7/1/20,1402,1034,125,193,0,8,136
35,8/1/20,1468,1086,113,215,0,13,121
35,9/1/20,1654,1217,129,243,0,16,142
35,10/1/20,1616,1207,122,221,0,10,141
35,11/1/20,1496,1086,117,216,0,13,122
35,12/1/20,1465,1068,123,202,0,7,115
35,1/1/21,1447,1072,107,205,0,6,122
35,2/1/21,1368,1023,102,192,0,10,133
35,3/1/21,1549,1134,115,224,0,13,139
35,4/1/21,1365,980,122,196,0,8,118
35,5/1/21,1368,996,117,176,0,12,134
35,6/1/21,1434,1040,127,191,0,12,147
35,7/1/21,1462,1039,106,228,0,12,164
35,8/1/21,1669,1202,133,258,0,17,162
35,9/1/21,1758,1237,130,304,0,15,179
35,10/1/21,1546,1085,111,264,0,11,124
35,11/1/21,1696,1169,150,255,0,9,160
35,12/1/21,1603,1086,146,254,0,5,154
41,1/1/15,198,159,23,8,0,4,3
41,2/1/15,173,135,10,12,0,4,8
41,3/1/15,215,159,24,13,0,5,7
41,4/1/15,186,148,20,7,0,3,4
41,5/1/15,199,158,17,11,0,5,12
41,6/1/15,161,132,13,7,0,1,3
41,7/1/15,206,158,17,10,0,5,5
41,8/1/15,195,150,18,9,1,3,8
41,9/1/15,193,153,16,12,0,2,14
41,10/1/15,196,142,20,12,0,3,9
41,11/1/15,167,125,18,14,0,2,9
41,12/1/15,179,144,14,8,0,2,7
41,1/1/16,166,125,19,9,0,2,7
41,2/1/16,191,156,15,8,0,3,7
41,3/1/16,210,154,21,13,0,9,12
41,4/1/16,184,148,15,11,0,2,2
41,5/1/16,197,147,20,9,0,6,6
41,6/1/16,204,153,20,12,0,4,6
41,7/1/16,191,125,27,12,0,8,10
41,8/1/16,187,133,24,9,1,8,4
41,9/1/16,180,127,20,13,1,6,6
41,10/1/16,179,130,20,14,0,1,9
41,11/1/16,204,159,15,6,1,6,6
41,12/1/16,175,125,20,12,0,6,13
41,1/1/17,214,159,24,7,0,10,4
41,2/1/17,184,133,15,10,0,3,8
41,3/1/17,194,145,14,9,0,7,9
41,4/1/17,161,116,10,13,0,6,9
41,5/1/17,181,130,22,7,0,5,10
41,6/1/17,183,125,16,10,0,4,6
41,7/1/17,164,128,11,4,0,7,9
41,8/1/17,187,135,13,9,0,6,6
41,9/1/17,190,140,17,13,0,7,9
41,10/1/17,199,138,18,12,1,8,10
41,11/1/17,147,109,13,11,0,1,6
41,12/1/17,191,133,20,16,1,6,8
41,1/1/18,189,138,15,12,0,11,7
41,2/1/18,177,134,14,10,0,5,14
41,3/1/18,193,141,17,12,0,6,4
41,4/1/18,229,166,16,20,0,8,9
41,5/1/18,183,141,13,9,0,10,6
41,6/1/18,171,127,14,14,0,3,10
41,7/1/18,223,152,28,17,0,9,10
41,8/1/18,255,191,19,17,0,7,3
41,9/1/18,219,154,21,15,0,8,8
41,10/1/18,239,167,24,16,0,8,7
41,11/1/18,240,177,21,12,1,9,6
41,12/1/18,196,137,19,18,0,7,7
41,1/1/19,214,146,20,17,0,10,10
41,2/1/19,191,143,13,11,0,9,9
41,3/1/19,198,143,17,13,0,6,8
41,4/1/19,243,186,13,9,0,10,7
41,5/1/19,187,128,25,16,0,2,5
41,6/1/19,187,131,24,8,0,7,10
41,7/1/19,200,140,21,9,0,7,5
41,8/1/19,229,161,22,13,1,16,8
41,9/1/19,189,135,18,8,1,14,6
41,10/1/19,214,157,18,14,0,9,19
41,11/1/19,210,145,22,20,0,6,17
41,12/1/19,188,127,11,17,0,11,11
41,1/1/20,206,140,17,12,1,1,22
41,2/1/20,192,134,18,10,1,6,8
41,3/1/20,245,181,17,14,0,6,13
41,4/1/20,172,106,16,19,0,2,16
41,5/1/20,188,130,15,15,0,4,9
41,6/1/20,187,117,20,22,0,5,16
41,7/1/20,203,130,23,15,0,2,18
41,8/1/20,197,113,18,16,0,5,24
41,9/1/20,175,102,21,17,0,1,17
41,10/1/20,193,103,21,20,0,5,13
41,11/1/20,175,91,26,27,1,3,20
41,12/1/20,167,111,16,11,0,2,19
41,1/1/21,151,84,23,8,0,2,13
41,2/1/21,140,88,8,10,0,5,19
41,3/1/21,162,89,19,13,0,6,17
41,4/1/21,157,101,14,11,0,3,17
41,5/1/21,150,91,6,15,0,3,17
41,6/1/21,163,110,18,11,0,4,17
41,7/1/21,189,101,33,12,0,6,14
41,8/1/21,221,128,23,15,1,4,17
41,9/1/21,209,119,32,9,0,7,22
41,10/1/21,166,84,25,14,0,7,27
41,11/1/21,202,129,18,11,0,6,19
41,12/1/21,197,112,12,20,0,4,27
42,1/1/15,139,103,13,12,1,1,17
42,2/1/15,147,109,8,12,0,5,10
42,3/1/15,178,137,9,16,0,6,10
42,4/1/15,159,116,7,15,0,2,16
42,5/1/15,160,112,13,13,0,4,8
42,6/1/15,149,109,6,13,0,7,8
42,7/1/15,177,132,15,11,0,4,9
42,8/1/15,177,128,18,10,0,5,15
42,9/1/15,141,101,17,10,0,0,10
42,10/1/15,157,117,10,12,0,3,10
42,11/1/15,154,100,11,19,2,3,17
42,12/1/15,188,130,23,10,3,6,17
42,1/1/16,153,110,11,9,1,4,13
42,2/1/16,176,125,10,20,0,2,14
42,3/1/16,166,121,13,17,0,3,12
42,4/1/16,136,96,11,14,1,1,18
42,5/1/16,160,116,18,14,0,0,13
42,6/1/16,139,95,11,18,0,1,10
42,7/1/16,158,118,8,13,1,0,15
42,8/1/16,168,120,12,17,0,2,5
42,9/1/16,176,132,9,13,2,6,9
42,10/1/16,170,128,6,16,1,2,11
42,11/1/16,176,123,13,21,2,2,5
42,12/1/16,169,115,16,15,1,1,6
42,1/1/17,159,107,11,10,0,2,6
42,2/1/17,142,103,6,14,1,0,14
42,3/1/17,161,111,13,12,0,1,11
42,4/1/17,162,112,16,15,2,1,9
42,5/1/17,181,137,8,25,0,0,8
42,6/1/17,156,115,11,14,0,0,9
42,7/1/17,156,107,11,14,0,3,13
42,8/1/17,198,147,13,16,0,1,14
42,9/1/17,151,104,13,16,0,4,8
42,10/1/17,187,139,14,19,0,2,20
42,11/1/17,142,96,8,10,1,1,16
42,12/1/17,157,110,12,22,1,3,18
42,1/1/18,148,98,13,20,0,4,20
42,2/1/18,150,100,15,18,0,1,10
42,3/1/18,144,112,5,9,0,0,8
42,4/1/18,131,99,7,14,0,0,22
42,5/1/18,180,126,8,20,0,2,13
42,6/1/18,158,113,11,13,1,2,12
42,7/1/18,174,120,13,21,1,1,9
42,8/1/18,184,120,19,21,1,1,17
42,9/1/18,167,118,13,24,1,2,21
42,10/1/18,210,148,13,22,1,1,20
42,11/1/18,175,119,16,25,0,2,18
42,12/1/18,139,97,5,16,1,2,25
42,1/1/19,187,124,16,30,0,1,19
42,2/1/19,156,107,12,16,0,2,9
42,3/1/19,158,104,12,16,0,5,13
42,4/1/19,168,126,5,20,1,1,18
42,5/1/19,143,100,17,12,0,1,15
42,6/1/19,132,79,17,17,0,1,13
42,7/1/19,183,121,19,18,0,3,14
42,8/1/19,177,132,10,14,0,2,17
42,9/1/19,155,116,7,14,0,1,15
42,10/1/19,162,109,16,14,0,1,9
42,11/1/19,177,120,14,17,1,1,15
42,12/1/19,142,92,7,20,1,1,10
42,1/1/20,161,112,9,20,0,1,14
42,2/1/20,122,82,5,13,0,1,10
42,3/1/20,138,101,10,10,0,0,19
42,4/1/20,129,85,10,14,0,2,13
42,5/1/20,105,68,11,10,0,1,16
42,6/1/20,120,83,13,12,0,1,12
42,7/1/20,104,62,16,10,0,2,13
42,8/1/20,136,86,12,15,0,0,12
42,9/1/20,137,82,18,20,0,2,11
42,10/1/20,148,96,17,16,1,3,17
42,11/1/20,138,79,12,21,1,1,18
42,12/1/20,144,86,8,20,0,1,12
42,1/1/21,138,88,13,14,0,1,18
42,2/1/21,142,82,14,13,0,1,27
42,3/1/21,132,89,10,17,0,0,18
42,4/1/21,146,91,13,12,1,3,26
42,5/1/21,119,79,7,14,1,0,13
42,6/1/21,132,85,13,16,0,1,14
42,7/1/21,136,80,7,15,1,3,14
42,8/1/21,178,107,11,24,1,1,23
42,9/1/21,169,104,11,28,1,0,22
42,10/1/21,131,79,18,17,1,1,26
42,11/1/21,160,108,15,14,0,0,16
42,12/1/21,181,103,17,19,0,2,17
43,1/1/15,430,250,47,82,1,6,74
43,2/1/15,346,206,42,59,1,7,56
43,3/1/15,424,290,41,48,0,10,77
43,4/1/15,423,258,41,70,1,7,80
43,5/1/15,399,249,44,60,0,2,70
43,6/1/15,406,244,50,65,0,2,60
43,7/1/15,468,290,51,68,0,5,70
43,8/1/15,486,326,53,61,0,3,77
43,9/1/15,430,284,47,62,1,5,58
43,10/1/15,499,317,42,76,0,12,81
43,11/1/15,532,346,57,68,1,9,75
43,12/1/15,427,258,36,77,0,8,58
43,1/1/16,378,236,36,58,0,10,62
43,2/1/16,391,277,33,54,0,4,50
43,3/1/16,432,283,38,58,0,5,76
43,4/1/16,424,274,43,51,2,10,67
43,5/1/16,406,266,38,57,1,8,62
43,6/1/16,402,279,35,53,0,7,69
43,7/1/16,394,259,42,52,1,7,59
43,8/1/16,487,316,45,75,1,1,69
43,9/1/16,422,290,38,49,1,8,56
43,10/1/16,394,251,40,57,1,6,58
43,11/1/16,411,251,49,56,2,7,61
43,12/1/16,457,315,28,53,0,9,64
43,1/1/17,483,311,45,76,0,6,67
43,2/1/17,373,239,28,67,1,10,55
43,3/1/17,505,334,48,79,1,7,57
43,4/1/17,393,252,40,61,0,10,46
43,5/1/17,454,308,42,67,0,7,77
43,6/1/17,434,266,39,71,0,8,76
43,7/1/17,450,304,38,66,0,4,58
43,8/1/17,496,312,57,82,0,3,61
43,9/1/17,448,307,45,53,1,5,65
43,10/1/17,466,303,49,68,1,9,52
43,11/1/17,445,300,39,58,0,5,57
43,12/1/17,408,270,29,61,0,7,72
43,1/1/18,469,307,29,89,0,6,52
43,2/1/18,355,227,38,54,1,5,47
43,3/1/18,403,246,36,70,0,6,65
43,4/1/18,476,315,44,63,0,6,67
43,5/1/18,427,271,47,68,0,10,58
43,6/1/18,485,306,48,75,1,9,58
43,7/1/18,480,294,38,93,2,3,77
43,8/1/18,511,332,39,83,0,10,65
43,9/1/18,505,327,43,78,2,4,56
43,10/1/18,558,354,38,112,0,4,53
43,11/1/18,492,304,43,104,1,5,54
43,12/1/18,437,272,39,76,0,5,58
43,1/1/19,506,322,40,95,0,8,86
43,2/1/19,409,252,30,80,1,3,76
43,3/1/19,425,278,35,67,0,3,68
43,4/1/19,482,304,45,80,0,7,76
43,5/1/19,489,294,38,91,2,9,71
43,6/1/19,417,263,33,72,0,5,68
43,7/1/19,490,290,41,103,0,8,81
43,8/1/19,553,334,49,88,1,10,90
43,9/1/19,521,306,45,115,0,7,68
43,10/1/19,574,341,60,84,0,10,95
43,11/1/19,514,319,49,79,0,2,67
43,12/1/19,470,311,34,71,0,11,70
43,1/1/20,505,294,57,81,0,6,88
43,2/1/20,456,284,29,74,0,5,75
43,3/1/20,498,317,38,83,0,7,91
43,4/1/20,380,240,41,60,0,4,73
43,5/1/20,377,229,35,53,1,7,76
43,6/1/20,362,219,33,53,0,4,77
43,7/1/20,364,208,39,68,0,4,84
43,8/1/20,377,226,44,62,0,6,73
43,9/1/20,406,231,45,73,0,6,88
43,10/1/20,418,262,41,57,0,8,77
43,11/1/20,363,211,41,67,0,5,70
43,12/1/20,380,226,42,64,1,1,81
43,1/1/21,418,241,49,74,0,5,89
43,2/1/21,314,170,38,58,2,5,77
43,3/1/21,361,222,30,60,0,5,92
43,4/1/21,399,241,45,63,0,5,95
43,5/1/21,352,209,38,56,0,1,69
43,6/1/21,416,246,38,70,0,3,80
43,7/1/21,430,243,51,67,1,0,101
43,8/1/21,480,256,40,92,0,3,89
43,9/1/21,444,250,55,69,1,2,93
43,10/1/21,470,233,50,94,0,7,111
43,11/1/21,438,243,37,77,0,4,104
43,12/1/21,388,204,38,69,0,3,112
50,1/1/15,64,44,3,8,0,0,9
50,2/1/15,52,31,5,8,0,0,7
50,3/1/15,94,62,6,15,0,1,5
50,4/1/15,80,53,5,10,0,0,6
50,5/1/15,77,52,4,13,0,1,3
50,6/1/15,93,53,7,16,0,0,9
50,7/1/15,81,34,9,19,0,1,6
50,8/1/15,95,51,9,17,0,0,8
50,9/1/15,80,53,8,11,0,0,4
50,10/1/15,74,51,4,10,0,0,2
50,11/1/15,76,56,2,5,0,1,5
50,12/1/15,50,26,5,8,0,1,1
50,1/1/16,67,49,2,13,0,0,4
50,2/1/16,97,70,8,10,0,0,7
50,3/1/16,118,88,6,16,0,0,4
50,4/1/16,67,38,6,10,0,0,6
50,5/1/16,83,61,5,10,0,0,8
50,6/1/16,88,59,13,8,0,1,12
50,7/1/16,83,53,6,10,0,0,8
50,8/1/16,84,46,11,13,0,0,9
50,9/1/16,88,60,7,11,0,1,10
50,10/1/16,77,52,4,13,0,0,5
50,11/1/16,89,48,7,11,0,1,6
50,12/1/16,72,32,6,9,0,0,4
50,1/1/17,82,49,9,9,0,1,12
50,2/1/17,91,60,7,8,0,4,11
50,3/1/17,91,59,6,12,0,0,9
50,4/1/17,72,49,5,7,0,0,8
50,5/1/17,78,55,3,12,0,0,13
50,6/1/17,79,51,8,9,0,1,11
50,7/1/17,72,38,7,14,0,0,7
50,8/1/17,94,61,8,12,0,1,5
50,9/1/17,73,47,7,10,0,0,5
50,10/1/17,89,59,7,14,0,0,9
50,11/1/17,102,66,7,10,0,1,6
50,12/1/17,77,43,7,15,0,0,9
50,1/1/18,112,89,4,11,0,0,10
50,2/1/18,83,54,10,12,0,0,10
50,3/1/18,90,63,4,12,0,0,7
50,4/1/18,100,70,9,13,0,1,4
50,5/1/18,99,77,3,10,0,1,11
50,6/1/18,105,78,7,11,0,0,8
50,7/1/18,137,92,10,18,0,1,3
50,8/1/18,133,95,3,23,0,0,7
50,9/1/18,126,87,3,15,0,0,7
50,10/1/18,109,79,10,13,0,0,6
50,11/1/18,125,94,10,14,0,0,11
50,12/1/18,91,65,6,12,0,2,13
50,1/1/19,106,71,6,20,0,0,13
50,2/1/19,87,62,8,9,0,2,8
50,3/1/19,100,63,11,18,0,0,7
50,4/1/19,107,73,8,12,0,1,18
50,5/1/19,106,69,9,16,0,1,15
50,6/1/19,105,74,4,15,0,0,18
50,7/1/19,117,78,7,16,0,1,14
50,8/1/19,106,66,12,19,0,1,12
50,9/1/19,85,65,6,4,0,1,6
50,10/1/19,114,73,10,16,0,0,21
50,11/1/19,94,56,7,13,0,2,17
50,12/1/19,90,53,2,14,2,0,12
50,1/1/20,106,65,6,21,0,0,23
50,2/1/20,106,57,12,16,0,1,17
50,3/1/20,142,86,14,22,0,1,18
50,4/1/20,84,52,7,10,0,2,11
50,5/1/20,67,39,8,9,0,0,10
50,6/1/20,80,42,8,15,0,0,16
50,7/1/20,83,50,7,13,0,0,18
50,8/1/20,99,55,8,16,0,1,13
50,9/1/20,107,60,10,12,0,3,18
50,10/1/20,98,50,3,22,0,2,17
50,11/1/20,94,55,9,13,0,2,10
50,12/1/20,80,47,10,10,0,0,9
50,1/1/21,87,50,12,17,0,0,20
50,2/1/21,82,52,7,8,0,1,19
50,3/1/21,107,61,9,15,0,2,17
50,4/1/21,93,60,10,12,0,1,18
50,5/1/21,88,47,11,16,0,1,17
50,6/1/21,72,46,6,11,0,4,8
50,7/1/21,91,60,8,11,0,2,24
50,8/1/21,115,70,17,17,0,4,21
50,9/1/21,133,83,9,20,1,2,21
50,10/1/21,129,76,11,16,0,8,15
50,11/1/21,125,67,6,27,0,2,29
50,12/1/21,117,68,11,14,0,0,21
51,1/1/15,88,67,5,5,0,1,5
51,2/1/15,66,44,4,9,0,0,9
51,3/1/15,139,100,10,17,0,0,11
51,4/1/15,116,78,8,10,1,0,10
51,5/1/15,112,79,6,15,0,0,9
51,6/1/15,114,77,11,18,0,0,13
51,7/1/15,95,71,7,10,1,2,7
51,8/1/15,101,70,10,10,0,1,9
51,9/1/15,68,52,5,7,0,0,10
51,10/1/15,150,117,4,16,0,0,7
51,11/1/15,85,52,8,15,0,0,7
51,12/1/15,136,106,8,11,0,0,6
51,1/1/16,119,96,8,6,0,0,6
51,2/1/16,108,78,13,6,0,1,9
51,3/1/16,164,121,8,19,0,0,3
51,4/1/16,105,60,9,19,0,0,6
51,5/1/16,105,72,9,8,1,0,10
51,6/1/16,110,73,9,9,0,0,8
51,7/1/16,100,69,11,11,0,0,11
51,8/1/16,118,89,10,10,0,0,4
51,9/1/16,91,46,11,13,0,1,9
51,10/1/16,84,50,8,10,0,0,4
51,11/1/16,101,66,11,13,0,0,9
51,12/1/16,79,45,6,12,0,0,4
51,1/1/17,117,74,8,16,0,0,10
51,2/1/17,88,53,10,7,0,0,6
51,3/1/17,131,85,6,17,0,0,9
51,4/1/17,95,54,7,14,0,0,8
51,5/1/17,127,86,12,17,0,0,8
51,6/1/17,114,80,5,11,0,1,8
51,7/1/17,100,59,8,22,0,0,4
51,8/1/17,143,97,12,15,0,0,8
51,9/1/17,93,60,9,14,1,0,7
51,10/1/17,104,71,7,13,0,1,5
51,11/1/17,85,53,4,12,0,1,5
51,12/1/17,78,55,3,6,0,0,10
51,1/1/18,88,53,10,13,0,0,8
51,2/1/18,99,65,6,11,0,1,6
51,3/1/18,111,64,15,11,0,0,6
51,4/1/18,114,69,5,16,0,0,4
51,5/1/18,102,69,5,14,0,0,7
51,6/1/18,114,81,4,14,0,0,5
51,7/1/18,92,68,6,8,0,0,4
51,8/1/18,100,70,9,11,1,0,9
51,9/1/18,113,80,7,11,0,0,9
51,10/1/18,100,69,7,8,0,2,8
51,11/1/18,111,75,8,15,0,0,10
51,12/1/18,109,86,6,4,0,0,5
51,1/1/19,122,94,6,4,0,0,7
51,2/1/19,107,81,5,7,0,0,11
51,3/1/19,113,81,11,10,0,0,10
51,4/1/19,97,67,5,10,0,0,6
51,5/1/19,119,75,10,17,0,1,7
51,6/1/19,104,73,11,14,0,0,7
51,7/1/19,137,96,10,15,0,0,8
51,8/1/19,121,77,12,15,0,0,4
51,9/1/19,118,80,8,16,0,0,6
51,10/1/19,123,85,7,12,0,0,4
51,11/1/19,99,77,4,6,0,0,7
51,12/1/19,91,62,6,10,0,1,9
51,1/1/20,116,83,8,15,0,1,5
51,2/1/20,101,73,6,8,0,0,7
51,3/1/20,110,85,4,11,0,0,14
51,4/1/20,111,75,12,13,0,0,9
51,5/1/20,85,58,5,11,0,1,10
51,6/1/20,73,49,3,13,0,1,3
51,7/1/20,65,39,3,11,1,0,3
51,8/1/20,92,52,10,14,0,0,5
51,9/1/20,100,72,11,9,0,1,6
51,10/1/20,88,51,11,14,0,1,3
51,11/1/20,109,68,14,17,0,1,9
51,12/1/20,90,56,7,18,0,0,9
51,1/1/21,91,52,12,6,0,1,3
51,2/1/21,87,59,4,13,0,0,11
51,3/1/21,94,67,8,11,0,2,5
51,4/1/21,85,43,15,15,0,0,11
51,5/1/21,67,36,2,17,0,0,8
51,6/1/21,92,56,7,15,0,0,6
51,7/1/21,75,55,5,6,0,0,6
51,8/1/21,100,56,9,19,0,0,9
51,9/1/21,106,74,3,16,0,1,16
51,10/1/21,100,61,11,9,0,0,12
51,11/1/21,101,57,6,18,0,0,6
51,12/1/21,83,41,8,16,0,3,9
52,1/1/15,73,53,8,5,1,0,6
52,2/1/15,79,54,10,8,0,1,9
52,3/1/15,87,63,10,9,0,0,5
52,4/1/15,84,61,6,10,0,2,3
52,5/1/15,91,72,5,7,0,1,3
52,6/1/15,92,64,6,11,0,0,4
52,7/1/15,88,62,7,14,0,0,3
52,8/1/15,72,50,5,11,0,1,6
52,9/1/15,101,70,8,14,0,2,8
52,10/1/15,87,66,4,12,0,0,8
52,11/1/15,82,60,7,9,0,1,9
52,12/1/15,89,59,16,7,0,2,5
52,1/1/16,73,52,3,8,0,3,8
52,2/1/16,87,56,10,8,0,0,6
52,3/1/16,89,60,11,13,0,1,6
52,4/1/16,85,63,5,12,0,3,6
52,5/1/16,104,77,14,9,0,0,4
52,6/1/16,75,52,9,8,0,0,4
52,7/1/16,69,43,7,9,0,1,8
52,8/1/16,77,54,4,14,0,0,10
52,9/1/16,79,57,8,8,0,0,5
52,10/1/16,69,48,7,8,0,0,7
52,11/1/16,72,50,8,11,0,1,3
52,12/1/16,86,57,11,8,0,2,4
52,1/1/17,94,58,7,17,0,0,5
52,2/1/17,85,57,9,11,0,1,8
52,3/1/17,90,59,6,13,0,0,6
52,4/1/17,79,52,13,7,0,0,6
52,5/1/17,89,57,9,14,0,1,6
52,6/1/17,95,71,6,8,0,0,7
52,7/1/17,81,48,6,16,0,1,7
52,8/1/17,100,67,6,17,0,0,12
52,9/1/17,100,71,9,10,0,0,6
52,10/1/17,79,60,5,7,0,0,8
52,11/1/17,101,65,6,14,0,1,10
52,12/1/17,80,53,2,17,0,0,11
52,1/1/18,101,69,10,11,0,1,11
52,2/1/18,90,67,4,13,0,0,7
52,3/1/18,94,63,4,13,0,0,9
52,4/1/18,77,56,5,8,0,0,11
52,5/1/18,98,67,11,13,0,0,12
52,6/1/18,85,51,6,11,0,1,3
52,7/1/18,80,53,9,7,0,1,7
52,8/1/18,81,51,8,13,0,0,12
52,9/1/18,96,62,8,9,0,4,11
52,10/1/18,117,73,8,24,0,1,14
52,11/1/18,89,62,3,12,0,0,16
52,12/1/18,69,52,2,4,0,0,5
52,1/1/19,106,76,6,15,0,0,14
52,2/1/19,81,61,9,4,0,0,7
52,3/1/19,94,67,6,8,0,1,15
52,4/1/19,104,68,11,16,0,1,10
52,5/1/19,92,56,9,10,0,1,9
52,6/1/19,67,43,3,10,0,0,8
52,7/1/19,94,64,7,10,0,1,9
52,8/1/19,79,56,8,8,0,0,20
52,9/1/19,84,54,6,12,0,2,9
52,10/1/19,100,55,11,20,0,1,8
52,11/1/19,77,53,5,12,0,0,9
52,12/1/19,72,48,7,9,0,0,10
52,1/1/20,105,74,10,15,0,1,7
52,2/1/20,93,55,11,14,0,1,12
52,3/1/20,87,66,7,9,0,0,11
52,4/1/20,84,55,6,18,0,1,9
52,5/1/20,82,53,10,11,0,0,10
52,6/1/20,64,40,9,10,0,0,6
52,7/1/20,70,48,8,4,0,0,12
52,8/1/20,65,40,4,16,0,0,8
52,9/1/20,61,39,5,9,0,0,10
52,10/1/20,74,44,9,13,0,1,11
52,11/1/20,81,57,6,10,0,0,10
52,12/1/20,96,63,11,10,0,0,4
52,1/1/21,77,45,10,12,1,0,11
52,2/1/21,83,58,7,11,0,0,15
52,3/1/21,83,56,7,11,0,1,14
52,4/1/21,74,48,7,10,0,1,5
52,5/1/21,69,45,9,7,0,0,11
52,6/1/21,94,62,17,10,1,1,14
52,7/1/21,78,49,7,16,0,0,10
52,8/1/21,77,51,7,9,0,1,15
52,9/1/21,84,53,9,12,0,1,10
52,10/1/21,105,75,10,9,1,0,15
52,11/1/21,84,57,9,12,0,1,11
52,12/1/21,75,42,12,16,0,0,12
53,1/1/15,21,12,1,3,0,0,0
53,2/1/15,37,29,3,0,0,0,3
53,3/1/15,43,28,7,1,0,0,0
53,4/1/15,27,24,1,0,0,0,1
53,5/1/15,28,25,0,1,0,0,2
53,6/1/15,34,26,3,3,0,0,2
53,7/1/15,25,18,3,1,1,0,3
53,8/1/15,34,28,3,1,0,0,2
53,9/1/15,29,22,3,1,0,0,2
53,10/1/15,21,15,0,3,0,0,2
53,11/1/15,31,22,4,2,0,0,1
53,12/1/15,29,22,2,0,0,1,2
53,1/1/16,25,17,1,0,0,0,1
53,2/1/16,33,23,1,4,0,1,1
53,3/1/16,31,23,1,3,0,0,4
53,4/1/16,46,37,3,3,0,0,2
53,5/1/16,35,25,3,3,0,0,1
53,6/1/16,18,12,1,1,0,0,0
53,7/1/16,28,20,1,3,0,0,0
53,8/1/16,36,22,3,5,0,0,4
53,9/1/16,39,29,3,3,0,0,1
53,10/1/16,20,15,1,2,0,0,0
53,11/1/16,21,15,1,1,0,0,2
53,12/1/16,26,20,0,0,0,0,1
53,1/1/17,25,20,0,3,0,0,1
53,2/1/17,30,16,4,1,0,0,1
53,3/1/17,25,18,2,3,0,0,1
53,4/1/17,27,17,0,5,0,0,3
53,5/1/17,23,16,0,1,0,0,3
53,6/1/17,26,12,3,3,0,0,0
53,7/1/17,23,11,0,4,0,0,4
53,8/1/17,30,18,4,2,0,0,2
53,9/1/17,22,7,1,5,0,0,2
53,10/1/17,24,12,0,1,0,0,1
53,11/1/17,34,19,2,2,0,1,2
53,12/1/17,36,17,6,3,0,0,1
53,1/1/18,34,19,2,4,0,1,1
53,2/1/18,23,11,6,1,0,1,1
53,3/1/18,33,23,2,1,0,2,0
53,4/1/18,38,26,0,5,0,1,3
53,5/1/18,33,20,1,3,0,1,2
53,6/1/18,40,21,4,4,0,1,2
53,7/1/18,38,23,3,4,0,0,0
53,8/1/18,37,14,5,5,0,0,3
53,9/1/18,26,16,1,2,0,0,6
53,10/1/18,33,19,2,6,0,0,1
53,11/1/18,28,18,0,3,0,0,3
53,12/1/18,24,12,2,1,0,1,1
53,1/1/19,36,23,3,4,0,0,0
53,2/1/19,20,10,1,1,0,1,2
53,3/1/19,27,15,3,3,0,0,1
53,4/1/19,29,14,4,1,0,0,4
53,5/1/19,34,21,2,2,0,0,0
53,6/1/19,26,13,3,4,0,0,3
53,7/1/19,32,20,4,3,0,0,2
53,8/1/19,38,22,3,4,0,0,3
53,9/1/19,41,23,4,3,0,0,2
53,10/1/19,34,16,2,2,0,1,3
53,11/1/19,29,19,2,3,0,0,6
53,12/1/19,32,12,3,3,0,0,3
53,1/1/20,33,22,4,1,0,0,2
53,2/1/20,28,12,5,3,0,0,6
53,3/1/20,35,21,4,3,0,1,2
53,4/1/20,36,18,5,4,0,0,5
53,5/1/20,16,12,0,1,0,0,2
53,6/1/20,25,10,3,5,0,1,0
53,7/1/20,25,8,6,3,0,1,1
53,8/1/20,21,5,3,3,0,0,1
53,9/1/20,20,8,1,1,0,0,3
53,10/1/20,26,10,5,1,0,0,2
53,11/1/20,23,13,2,1,0,0,2
53,12/1/20,24,13,2,2,0,0,1
53,1/1/21,29,13,2,4,0,0,3
53,2/1/21,26,17,0,4,0,0,2
53,3/1/21,32,22,4,3,1,0,2
53,4/1/21,21,5,2,8,0,0,3
53,5/1/21,22,8,3,4,0,0,2
53,6/1/21,26,15,3,3,0,0,4
53,7/1/21,32,12,4,4,0,0,1
53,8/1/21,28,17,2,3,0,0,4
53,9/1/21,29,12,2,4,0,0,4
53,10/1/21,24,13,2,2,0,0,2
53,11/1/21,23,10,1,1,0,0,5
53,12/1/21,24,8,1,3,0,1,3